Borough,2010 Census COUNTYFP,2010 Census Tract,NTA,NTA Name
Brooklyn,047,000100,BK09,Brooklyn Heights-Cobble Hill
Brooklyn,047,000301,BK09,Brooklyn Heights-Cobble Hill
Brooklyn,047,000501,BK09,Brooklyn Heights-Cobble Hill
Brooklyn,047,000502,BK09,Brooklyn Heights-Cobble Hill
Brooklyn,047,000700,BK09,Brooklyn Heights-Cobble Hill
Brooklyn,047,000900,BK09,Brooklyn Heights-Cobble Hill
Brooklyn,047,057000,BK17,Sheepshead Bay-Gerritsen Beach-Manhattan Beach
Brooklyn,047,057200,BK17,Sheepshead Bay-Gerritsen Beach-Manhattan Beach
Brooklyn,047,058600,BK17,Sheepshead Bay-Gerritsen Beach-Manhattan Beach
Brooklyn,047,059000,BK17,Sheepshead Bay-Gerritsen Beach-Manhattan Beach
Brooklyn,047,059200,BK17,Sheepshead Bay-Gerritsen Beach-Manhattan Beach
Brooklyn,047,059401,BK17,Sheepshead Bay-Gerritsen Beach-Manhattan Beach
Brooklyn,047,059402,BK17,Sheepshead Bay-Gerritsen Beach-Manhattan Beach
Brooklyn,047,059600,BK17,Sheepshead Bay-Gerritsen Beach-Manhattan Beach
Brooklyn,047,059800,BK17,Sheepshead Bay-Gerritsen Beach-Manhattan Beach
Brooklyn,047,060000,BK17,Sheepshead Bay-Gerritsen Beach-Manhattan Beach
Brooklyn,047,060600,BK17,Sheepshead Bay-Gerritsen Beach-Manhattan Beach
Brooklyn,047,060800,BK17,Sheepshead Bay-Gerritsen Beach-Manhattan Beach
Brooklyn,047,061200,BK17,Sheepshead Bay-Gerritsen Beach-Manhattan Beach
Brooklyn,047,061600,BK17,Sheepshead Bay-Gerritsen Beach-Manhattan Beach
Brooklyn,047,062000,BK17,Sheepshead Bay-Gerritsen Beach-Manhattan Beach
Brooklyn,047,062200,BK17,Sheepshead Bay-Gerritsen Beach-Manhattan Beach
Brooklyn,047,062600,BK17,Sheepshead Bay-Gerritsen Beach-Manhattan Beach
Brooklyn,047,062800,BK17,Sheepshead Bay-Gerritsen Beach-Manhattan Beach
Brooklyn,047,063200,BK17,Sheepshead Bay-Gerritsen Beach-Manhattan Beach
Brooklyn,047,036001,BK19,Brighton Beach
Brooklyn,047,036002,BK19,Brighton Beach
Brooklyn,047,036200,BK19,Brighton Beach
Brooklyn,047,036400,BK19,Brighton Beach
Brooklyn,047,036600,BK19,Brighton Beach
Brooklyn,047,037000,BK19,Brighton Beach
Brooklyn,047,061002,BK19,Brighton Beach
Brooklyn,047,061003,BK19,Brighton Beach
Brooklyn,047,061004,BK19,Brighton Beach
Brooklyn,047,032600,BK21,Seagate-Coney Island
Brooklyn,047,032800,BK21,Seagate-Coney Island
Brooklyn,047,033000,BK21,Seagate-Coney Island
Brooklyn,047,033600,BK21,Seagate-Coney Island
Brooklyn,047,034000,BK21,Seagate-Coney Island
Brooklyn,047,034200,BK21,Seagate-Coney Island
Brooklyn,047,034800,BK21,Seagate-Coney Island
Brooklyn,047,035200,BK21,Seagate-Coney Island
Brooklyn,047,035000,BK23,West Brighton
Brooklyn,047,035400,BK23,West Brighton
Brooklyn,047,035601,BK23,West Brighton
Brooklyn,047,035602,BK23,West Brighton
Brooklyn,047,038800,BK25,Homecrest
Brooklyn,047,039000,BK25,Homecrest
Brooklyn,047,039200,BK25,Homecrest
Brooklyn,047,039400,BK25,Homecrest
Brooklyn,047,039600,BK25,Homecrest
Brooklyn,047,041401,BK25,Homecrest
Brooklyn,047,041402,BK25,Homecrest
Brooklyn,047,041600,BK25,Homecrest
Brooklyn,047,041800,BK25,Homecrest
Brooklyn,047,042000,BK25,Homecrest
Brooklyn,047,042200,BK25,Homecrest
Brooklyn,047,055400,BK25,Homecrest
Brooklyn,047,055600,BK25,Homecrest
Brooklyn,047,058200,BK25,Homecrest
Brooklyn,047,058400,BK25,Homecrest
Brooklyn,047,058800,BK25,Homecrest
Brooklyn,047,030600,BK26,Gravesend
Brooklyn,047,030800,BK26,Gravesend
Brooklyn,047,031400,BK26,Gravesend
Brooklyn,047,037401,BK26,Gravesend
Brooklyn,047,037402,BK26,Gravesend
Brooklyn,047,038200,BK26,Gravesend
Brooklyn,047,038600,BK26,Gravesend
Brooklyn,047,039800,BK26,Gravesend
Brooklyn,047,016800,BK27,Bath Beach
Brooklyn,047,017000,BK27,Bath Beach
Brooklyn,047,017200,BK27,Bath Beach
Brooklyn,047,017400,BK27,Bath Beach
Brooklyn,047,017600,BK27,Bath Beach
Brooklyn,047,017800,BK27,Bath Beach
Brooklyn,047,018000,BK27,Bath Beach
Brooklyn,047,028000,BK27,Bath Beach
Brooklyn,047,028200,BK27,Bath Beach
Brooklyn,047,028600,BK27,Bath Beach
Brooklyn,047,029200,BK27,Bath Beach
Brooklyn,047,018200,BK28,Bensonhurst West
Brooklyn,047,018400,BK28,Bensonhurst West
Brooklyn,047,018600,BK28,Bensonhurst West
Brooklyn,047,018800,BK28,Bensonhurst West
Brooklyn,047,019000,BK28,Bensonhurst West
Brooklyn,047,024800,BK28,Bensonhurst West
Brooklyn,047,025000,BK28,Bensonhurst West
Brooklyn,047,025200,BK28,Bensonhurst West
Brooklyn,047,025400,BK28,Bensonhurst West
Brooklyn,047,025600,BK28,Bensonhurst West
Brooklyn,047,025800,BK28,Bensonhurst West
Brooklyn,047,026000,BK28,Bensonhurst West
Brooklyn,047,026200,BK28,Bensonhurst West
Brooklyn,047,026400,BK28,Bensonhurst West
Brooklyn,047,026600,BK28,Bensonhurst West
Brooklyn,047,026800,BK28,Bensonhurst West
Brooklyn,047,027000,BK28,Bensonhurst West
Brooklyn,047,027200,BK28,Bensonhurst West
Brooklyn,047,027400,BK28,Bensonhurst West
Brooklyn,047,027600,BK28,Bensonhurst West
Brooklyn,047,027800,BK28,Bensonhurst West
Brooklyn,047,028400,BK28,Bensonhurst West
Brooklyn,047,028800,BK28,Bensonhurst West
Brooklyn,047,029000,BK28,Bensonhurst West
Brooklyn,047,029400,BK28,Bensonhurst West
Brooklyn,047,029600,BK28,Bensonhurst West
Brooklyn,047,029800,BK29,Bensonhurst East
Brooklyn,047,030000,BK29,Bensonhurst East
Brooklyn,047,030200,BK29,Bensonhurst East
Brooklyn,047,030400,BK29,Bensonhurst East
Brooklyn,047,040000,BK29,Bensonhurst East
Brooklyn,047,040200,BK29,Bensonhurst East
Brooklyn,047,040400,BK29,Bensonhurst East
Brooklyn,047,040600,BK29,Bensonhurst East
Brooklyn,047,040800,BK29,Bensonhurst East
Brooklyn,047,041000,BK29,Bensonhurst East
Brooklyn,047,041200,BK29,Bensonhurst East
Brooklyn,047,042400,BK29,Bensonhurst East
Brooklyn,047,042600,BK29,Bensonhurst East
Brooklyn,047,042800,BK29,Bensonhurst East
Brooklyn,047,043000,BK29,Bensonhurst East
Brooklyn,047,043200,BK29,Bensonhurst East
Brooklyn,047,043400,BK29,Bensonhurst East
Brooklyn,047,043600,BK29,Bensonhurst East
Brooklyn,047,012801,BK30,Dyker Heights
Brooklyn,047,013200,BK30,Dyker Heights
Brooklyn,047,014000,BK30,Dyker Heights
Brooklyn,047,014800,BK30,Dyker Heights
Brooklyn,047,015000,BK30,Dyker Heights
Brooklyn,047,015200,BK30,Dyker Heights
Brooklyn,047,016600,BK30,Dyker Heights
Brooklyn,047,019400,BK30,Dyker Heights
Brooklyn,047,019600,BK30,Dyker Heights
Brooklyn,047,019800,BK30,Dyker Heights
Brooklyn,047,020000,BK30,Dyker Heights
Brooklyn,047,020200,BK30,Dyker Heights
Brooklyn,047,020400,BK30,Dyker Heights
Brooklyn,047,020600,BK30,Dyker Heights
Brooklyn,047,020800,BK30,Dyker Heights
Brooklyn,047,021000,BK30,Dyker Heights
Brooklyn,047,021200,BK30,Dyker Heights
Brooklyn,047,003000,BK31,Bay Ridge
Brooklyn,047,003400,BK31,Bay Ridge
Brooklyn,047,003600,BK31,Bay Ridge
Brooklyn,047,003800,BK31,Bay Ridge
Brooklyn,047,004400,BK31,Bay Ridge
Brooklyn,047,004600,BK31,Bay Ridge
Brooklyn,047,005000,BK31,Bay Ridge
Brooklyn,047,005201,BK31,Bay Ridge
Brooklyn,047,005202,BK31,Bay Ridge
Brooklyn,047,005400,BK31,Bay Ridge
Brooklyn,047,005601,BK31,Bay Ridge
Brooklyn,047,005602,BK31,Bay Ridge
Brooklyn,047,005800,BK31,Bay Ridge
Brooklyn,047,006000,BK31,Bay Ridge
Brooklyn,047,006200,BK31,Bay Ridge
Brooklyn,047,006400,BK31,Bay Ridge
Brooklyn,047,006600,BK31,Bay Ridge
Brooklyn,047,006800,BK31,Bay Ridge
Brooklyn,047,007000,BK31,Bay Ridge
Brooklyn,047,012600,BK31,Bay Ridge
Brooklyn,047,013000,BK31,Bay Ridge
Brooklyn,047,013400,BK31,Bay Ridge
Brooklyn,047,013600,BK31,Bay Ridge
Brooklyn,047,013800,BK31,Bay Ridge
Brooklyn,047,014200,BK31,Bay Ridge
Brooklyn,047,016000,BK31,Bay Ridge
Brooklyn,047,016200,BK31,Bay Ridge
Brooklyn,047,016400,BK31,Bay Ridge
Brooklyn,047,000200,BK32,Sunset Park West
Brooklyn,047,001800,BK32,Sunset Park West
Brooklyn,047,002000,BK32,Sunset Park West
Brooklyn,047,002200,BK32,Sunset Park West
Brooklyn,047,007200,BK32,Sunset Park West
Brooklyn,047,007400,BK32,Sunset Park West
Brooklyn,047,007600,BK32,Sunset Park West
Brooklyn,047,007800,BK32,Sunset Park West
Brooklyn,047,008000,BK32,Sunset Park West
Brooklyn,047,008200,BK32,Sunset Park West
Brooklyn,047,008400,BK32,Sunset Park West
Brooklyn,047,010100,BK32,Sunset Park West
Brooklyn,047,012200,BK32,Sunset Park West
Brooklyn,047,014500,BK32,Sunset Park West
Brooklyn,047,014700,BK32,Sunset Park West
Brooklyn,047,004500,BK33,Carroll Gardens-Columbia Street-Red Hook
Brooklyn,047,004700,BK33,Carroll Gardens-Columbia Street-Red Hook
Brooklyn,047,004900,BK33,Carroll Gardens-Columbia Street-Red Hook
Brooklyn,047,005100,BK33,Carroll Gardens-Columbia Street-Red Hook
Brooklyn,047,005300,BK33,Carroll Gardens-Columbia Street-Red Hook
Brooklyn,047,005900,BK33,Carroll Gardens-Columbia Street-Red Hook
Brooklyn,047,006300,BK33,Carroll Gardens-Columbia Street-Red Hook
Brooklyn,047,006500,BK33,Carroll Gardens-Columbia Street-Red Hook
Brooklyn,047,006700,BK33,Carroll Gardens-Columbia Street-Red Hook
Brooklyn,047,007500,BK33,Carroll Gardens-Columbia Street-Red Hook
Brooklyn,047,007700,BK33,Carroll Gardens-Columbia Street-Red Hook
Brooklyn,047,008500,BK33,Carroll Gardens-Columbia Street-Red Hook
Brooklyn,047,008600,BK34,Sunset Park East
Brooklyn,047,008800,BK34,Sunset Park East
Brooklyn,047,009000,BK34,Sunset Park East
Brooklyn,047,009200,BK34,Sunset Park East
Brooklyn,047,009400,BK34,Sunset Park East
Brooklyn,047,009600,BK34,Sunset Park East
Brooklyn,047,009800,BK34,Sunset Park East
Brooklyn,047,010000,BK34,Sunset Park East
Brooklyn,047,010200,BK34,Sunset Park East
Brooklyn,047,010400,BK34,Sunset Park East
Brooklyn,047,010600,BK34,Sunset Park East
Brooklyn,047,010800,BK34,Sunset Park East
Brooklyn,047,011000,BK34,Sunset Park East
Brooklyn,047,011200,BK34,Sunset Park East
Brooklyn,047,011800,BK34,Sunset Park East
Brooklyn,047,012000,BK34,Sunset Park East
Brooklyn,047,027300,BK35,Stuyvesant Heights
Brooklyn,047,027500,BK35,Stuyvesant Heights
Brooklyn,047,027700,BK35,Stuyvesant Heights
Brooklyn,047,027900,BK35,Stuyvesant Heights
Brooklyn,047,028100,BK35,Stuyvesant Heights
Brooklyn,047,028300,BK35,Stuyvesant Heights
Brooklyn,047,028502,BK35,Stuyvesant Heights
Brooklyn,047,028700,BK35,Stuyvesant Heights
Brooklyn,047,028900,BK35,Stuyvesant Heights
Brooklyn,047,029100,BK35,Stuyvesant Heights
Brooklyn,047,029300,BK35,Stuyvesant Heights
Brooklyn,047,029500,BK35,Stuyvesant Heights
Brooklyn,047,037500,BK35,Stuyvesant Heights
Brooklyn,047,037700,BK35,Stuyvesant Heights
Brooklyn,047,037900,BK35,Stuyvesant Heights
Brooklyn,047,038300,BK35,Stuyvesant Heights
Brooklyn,047,038500,BK35,Stuyvesant Heights
Brooklyn,047,038700,BK35,Stuyvesant Heights
Brooklyn,047,011700,BK37,Park Slope-Gowanus
Brooklyn,047,011900,BK37,Park Slope-Gowanus
Brooklyn,047,012100,BK37,Park Slope-Gowanus
Brooklyn,047,012901,BK37,Park Slope-Gowanus
Brooklyn,047,012902,BK37,Park Slope-Gowanus
Brooklyn,047,013100,BK37,Park Slope-Gowanus
Brooklyn,047,013300,BK37,Park Slope-Gowanus
Brooklyn,047,013500,BK37,Park Slope-Gowanus
Brooklyn,047,013700,BK37,Park Slope-Gowanus
Brooklyn,047,013900,BK37,Park Slope-Gowanus
Brooklyn,047,014100,BK37,Park Slope-Gowanus
Brooklyn,047,014300,BK37,Park Slope-Gowanus
Brooklyn,047,014900,BK37,Park Slope-Gowanus
Brooklyn,047,015100,BK37,Park Slope-Gowanus
Brooklyn,047,015300,BK37,Park Slope-Gowanus
Brooklyn,047,015500,BK37,Park Slope-Gowanus
Brooklyn,047,015700,BK37,Park Slope-Gowanus
Brooklyn,047,015900,BK37,Park Slope-Gowanus
Brooklyn,047,016500,BK37,Park Slope-Gowanus
Brooklyn,047,016700,BK37,Park Slope-Gowanus
Brooklyn,047,001100,BK38,DUMBO-Vinegar Hill-Downtown Brooklyn-Boerum Hill
Brooklyn,047,001300,BK38,DUMBO-Vinegar Hill-Downtown Brooklyn-Boerum Hill
Brooklyn,047,001500,BK38,DUMBO-Vinegar Hill-Downtown Brooklyn-Boerum Hill
Brooklyn,047,002100,BK38,DUMBO-Vinegar Hill-Downtown Brooklyn-Boerum Hill
Brooklyn,047,002300,BK38,DUMBO-Vinegar Hill-Downtown Brooklyn-Boerum Hill
Brooklyn,047,003700,BK38,DUMBO-Vinegar Hill-Downtown Brooklyn-Boerum Hill
Brooklyn,047,003900,BK38,DUMBO-Vinegar Hill-Downtown Brooklyn-Boerum Hill
Brooklyn,047,004100,BK38,DUMBO-Vinegar Hill-Downtown Brooklyn-Boerum Hill
Brooklyn,047,004300,BK38,DUMBO-Vinegar Hill-Downtown Brooklyn-Boerum Hill
Brooklyn,047,006900,BK38,DUMBO-Vinegar Hill-Downtown Brooklyn-Boerum Hill
Brooklyn,047,007100,BK38,DUMBO-Vinegar Hill-Downtown Brooklyn-Boerum Hill
Brooklyn,047,012700,BK38,DUMBO-Vinegar Hill-Downtown Brooklyn-Boerum Hill
Brooklyn,047,016900,BK40,Windsor Terrace
Brooklyn,047,017100,BK40,Windsor Terrace
Brooklyn,047,050000,BK40,Windsor Terrace
Brooklyn,047,050202,BK40,Windsor Terrace
Brooklyn,047,050400,BK40,Windsor Terrace
Brooklyn,047,150200,BK40,Windsor Terrace
Brooklyn,047,048400,BK41,Kensington-Ocean Parkway
Brooklyn,047,048600,BK41,Kensington-Ocean Parkway
Brooklyn,047,048800,BK41,Kensington-Ocean Parkway
Brooklyn,047,049000,BK41,Kensington-Ocean Parkway
Brooklyn,047,049200,BK41,Kensington-Ocean Parkway
Brooklyn,047,049400,BK41,Kensington-Ocean Parkway
Brooklyn,047,049600,BK41,Kensington-Ocean Parkway
Brooklyn,047,049800,BK41,Kensington-Ocean Parkway
Brooklyn,047,046000,BK42,Flatbush
Brooklyn,047,046201,BK42,Flatbush
Brooklyn,047,048000,BK42,Flatbush
Brooklyn,047,048200,BK42,Flatbush
Brooklyn,047,050600,BK42,Flatbush
Brooklyn,047,050801,BK42,Flatbush
Brooklyn,047,050803,BK42,Flatbush
Brooklyn,047,050804,BK42,Flatbush
Brooklyn,047,051001,BK42,Flatbush
Brooklyn,047,051002,BK42,Flatbush
Brooklyn,047,051200,BK42,Flatbush
Brooklyn,047,051400,BK42,Flatbush
Brooklyn,047,051601,BK42,Flatbush
Brooklyn,047,051602,BK42,Flatbush
Brooklyn,047,051800,BK42,Flatbush
Brooklyn,047,052000,BK42,Flatbush
Brooklyn,047,052600,BK42,Flatbush
Brooklyn,047,052800,BK42,Flatbush
Brooklyn,047,076400,BK42,Flatbush
Brooklyn,047,076600,BK42,Flatbush
Brooklyn,047,077000,BK42,Flatbush
Brooklyn,047,077200,BK42,Flatbush
Brooklyn,047,077400,BK42,Flatbush
Brooklyn,047,078600,BK42,Flatbush
Brooklyn,047,078800,BK42,Flatbush
Brooklyn,047,152200,BK42,Flatbush
Brooklyn,047,045600,BK43,Midwood
Brooklyn,047,045800,BK43,Midwood
Brooklyn,047,053000,BK43,Midwood
Brooklyn,047,053200,BK43,Midwood
Brooklyn,047,053400,BK43,Midwood
Brooklyn,047,053800,BK43,Midwood
Brooklyn,047,054200,BK43,Midwood
Brooklyn,047,054400,BK43,Midwood
Brooklyn,047,054600,BK43,Midwood
Brooklyn,047,074800,BK43,Midwood
Brooklyn,047,075000,BK43,Midwood
Brooklyn,047,075200,BK43,Midwood
Brooklyn,047,075400,BK43,Midwood
Brooklyn,047,075600,BK43,Midwood
Brooklyn,047,075800,BK43,Midwood
Brooklyn,047,076000,BK43,Midwood
Brooklyn,047,076200,BK43,Midwood
Brooklyn,047,076800,BK43,Midwood
Brooklyn,047,054800,BK44,Madison
Brooklyn,047,055000,BK44,Madison
Brooklyn,047,055200,BK44,Madison
Brooklyn,047,055800,BK44,Madison
Brooklyn,047,056000,BK44,Madison
Brooklyn,047,056200,BK44,Madison
Brooklyn,047,056400,BK44,Madison
Brooklyn,047,056600,BK44,Madison
Brooklyn,047,056800,BK44,Madison
Brooklyn,047,057400,BK44,Madison
Brooklyn,047,057600,BK44,Madison
Brooklyn,047,057800,BK44,Madison
Brooklyn,047,058000,BK44,Madison
Brooklyn,047,063800,BK44,Madison
Brooklyn,047,064200,BK44,Madison
Brooklyn,047,063600,BK45,Georgetown-Marine Park-Bergen Beach-Mill Basin
Brooklyn,047,064000,BK45,Georgetown-Marine Park-Bergen Beach-Mill Basin
Brooklyn,047,064400,BK45,Georgetown-Marine Park-Bergen Beach-Mill Basin
Brooklyn,047,064600,BK45,Georgetown-Marine Park-Bergen Beach-Mill Basin
Brooklyn,047,064800,BK45,Georgetown-Marine Park-Bergen Beach-Mill Basin
Brooklyn,047,065200,BK45,Georgetown-Marine Park-Bergen Beach-Mill Basin
Brooklyn,047,065400,BK45,Georgetown-Marine Park-Bergen Beach-Mill Basin
Brooklyn,047,065600,BK45,Georgetown-Marine Park-Bergen Beach-Mill Basin
Brooklyn,047,065800,BK45,Georgetown-Marine Park-Bergen Beach-Mill Basin
Brooklyn,047,066000,BK45,Georgetown-Marine Park-Bergen Beach-Mill Basin
Brooklyn,047,066200,BK45,Georgetown-Marine Park-Bergen Beach-Mill Basin
Brooklyn,047,067000,BK45,Georgetown-Marine Park-Bergen Beach-Mill Basin
Brooklyn,047,068600,BK45,Georgetown-Marine Park-Bergen Beach-Mill Basin
Brooklyn,047,069601,BK45,Georgetown-Marine Park-Bergen Beach-Mill Basin
Brooklyn,047,069602,BK45,Georgetown-Marine Park-Bergen Beach-Mill Basin
Brooklyn,047,069800,BK45,Georgetown-Marine Park-Bergen Beach-Mill Basin
Brooklyn,047,070000,BK45,Georgetown-Marine Park-Bergen Beach-Mill Basin
Brooklyn,047,070201,BK45,Georgetown-Marine Park-Bergen Beach-Mill Basin
Brooklyn,047,070600,BK45,Georgetown-Marine Park-Bergen Beach-Mill Basin
Brooklyn,047,043800,BK46,Ocean Parkway South
Brooklyn,047,044000,BK46,Ocean Parkway South
Brooklyn,047,044200,BK46,Ocean Parkway South
Brooklyn,047,044400,BK46,Ocean Parkway South
Brooklyn,047,044800,BK46,Ocean Parkway South
Brooklyn,047,045000,BK46,Ocean Parkway South
Brooklyn,047,045200,BK46,Ocean Parkway South
Brooklyn,047,045400,BK46,Ocean Parkway South
Brooklyn,047,046202,BK46,Ocean Parkway South
Brooklyn,047,095000,BK50,Canarsie
Brooklyn,047,095400,BK50,Canarsie
Brooklyn,047,095600,BK50,Canarsie
Brooklyn,047,095800,BK50,Canarsie
Brooklyn,047,096000,BK50,Canarsie
Brooklyn,047,096200,BK50,Canarsie
Brooklyn,047,096400,BK50,Canarsie
Brooklyn,047,096600,BK50,Canarsie
Brooklyn,047,096800,BK50,Canarsie
Brooklyn,047,097000,BK50,Canarsie
Brooklyn,047,097400,BK50,Canarsie
Brooklyn,047,098200,BK50,Canarsie
Brooklyn,047,098400,BK50,Canarsie
Brooklyn,047,098600,BK50,Canarsie
Brooklyn,047,098800,BK50,Canarsie
Brooklyn,047,099000,BK50,Canarsie
Brooklyn,047,099200,BK50,Canarsie
Brooklyn,047,099400,BK50,Canarsie
Brooklyn,047,099600,BK50,Canarsie
Brooklyn,047,099800,BK50,Canarsie
Brooklyn,047,100400,BK50,Canarsie
Brooklyn,047,100600,BK50,Canarsie
Brooklyn,047,100800,BK50,Canarsie
Brooklyn,047,101000,BK50,Canarsie
Brooklyn,047,101200,BK50,Canarsie
Brooklyn,047,101400,BK50,Canarsie
Brooklyn,047,101600,BK50,Canarsie
Brooklyn,047,101800,BK50,Canarsie
Brooklyn,047,102000,BK50,Canarsie
Brooklyn,047,102200,BK50,Canarsie
Brooklyn,047,102400,BK50,Canarsie
Brooklyn,047,102600,BK50,Canarsie
Brooklyn,047,102800,BK50,Canarsie
Brooklyn,047,103400,BK50,Canarsie
Brooklyn,047,067400,BK58,Flatlands
Brooklyn,047,065000,BK58,Flatlands
Brooklyn,047,067200,BK58,Flatlands
Brooklyn,047,067600,BK58,Flatlands
Brooklyn,047,067800,BK58,Flatlands
Brooklyn,047,068000,BK58,Flatlands
Brooklyn,047,068200,BK58,Flatlands
Brooklyn,047,068800,BK58,Flatlands
Brooklyn,047,069000,BK58,Flatlands
Brooklyn,047,069200,BK58,Flatlands
Brooklyn,047,072000,BK58,Flatlands
Brooklyn,047,072200,BK58,Flatlands
Brooklyn,047,072400,BK58,Flatlands
Brooklyn,047,072600,BK58,Flatlands
Brooklyn,047,072800,BK58,Flatlands
Brooklyn,047,073000,BK58,Flatlands
Brooklyn,047,073200,BK58,Flatlands
Brooklyn,047,073400,BK58,Flatlands
Brooklyn,047,073600,BK58,Flatlands
Brooklyn,047,073800,BK58,Flatlands
Brooklyn,047,074000,BK58,Flatlands
Brooklyn,047,074200,BK58,Flatlands
Brooklyn,047,074400,BK58,Flatlands
Brooklyn,047,074600,BK58,Flatlands
Brooklyn,047,077600,BK58,Flatlands
Brooklyn,047,094401,BK58,Flatlands
Brooklyn,047,094402,BK58,Flatlands
Brooklyn,047,032700,BK60,Prospect Lefferts Gardens-Wingate
Brooklyn,047,032900,BK60,Prospect Lefferts Gardens-Wingate
Brooklyn,047,079601,BK60,Prospect Lefferts Gardens-Wingate
Brooklyn,047,079602,BK60,Prospect Lefferts Gardens-Wingate
Brooklyn,047,079801,BK60,Prospect Lefferts Gardens-Wingate
Brooklyn,047,079802,BK60,Prospect Lefferts Gardens-Wingate
Brooklyn,047,080000,BK60,Prospect Lefferts Gardens-Wingate
Brooklyn,047,080200,BK60,Prospect Lefferts Gardens-Wingate
Brooklyn,047,080400,BK60,Prospect Lefferts Gardens-Wingate
Brooklyn,047,080600,BK60,Prospect Lefferts Gardens-Wingate
Brooklyn,047,080800,BK60,Prospect Lefferts Gardens-Wingate
Brooklyn,047,081000,BK60,Prospect Lefferts Gardens-Wingate
Brooklyn,047,082000,BK60,Prospect Lefferts Gardens-Wingate
Brooklyn,047,082200,BK60,Prospect Lefferts Gardens-Wingate
Brooklyn,047,087401,BK60,Prospect Lefferts Gardens-Wingate
Brooklyn,047,087600,BK60,Prospect Lefferts Gardens-Wingate
Brooklyn,047,087800,BK60,Prospect Lefferts Gardens-Wingate
Brooklyn,047,088000,BK60,Prospect Lefferts Gardens-Wingate
Brooklyn,047,021700,BK61,Crown Heights North
Brooklyn,047,021900,BK61,Crown Heights North
Brooklyn,047,022100,BK61,Crown Heights North
Brooklyn,047,024700,BK61,Crown Heights North
Brooklyn,047,027100,BK61,Crown Heights North
Brooklyn,047,029700,BK61,Crown Heights North
Brooklyn,047,029900,BK61,Crown Heights North
Brooklyn,047,030500,BK61,Crown Heights North
Brooklyn,047,030700,BK61,Crown Heights North
Brooklyn,047,030900,BK61,Crown Heights North
Brooklyn,047,031100,BK61,Crown Heights North
Brooklyn,047,031300,BK61,Crown Heights North
Brooklyn,047,031500,BK61,Crown Heights North
Brooklyn,047,031701,BK61,Crown Heights North
Brooklyn,047,031702,BK61,Crown Heights North
Brooklyn,047,033700,BK61,Crown Heights North
Brooklyn,047,033900,BK61,Crown Heights North
Brooklyn,047,034100,BK61,Crown Heights North
Brooklyn,047,034300,BK61,Crown Heights North
Brooklyn,047,034500,BK61,Crown Heights North
Brooklyn,047,034700,BK61,Crown Heights North
Brooklyn,047,034900,BK61,Crown Heights North
Brooklyn,047,035100,BK61,Crown Heights North
Brooklyn,047,035300,BK61,Crown Heights North
Brooklyn,047,035700,BK61,Crown Heights North
Brooklyn,047,035900,BK61,Crown Heights North
Brooklyn,047,038100,BK61,Crown Heights North
Brooklyn,047,021300,BK63,Crown Heights South
Brooklyn,047,031900,BK63,Crown Heights South
Brooklyn,047,032100,BK63,Crown Heights South
Brooklyn,047,032300,BK63,Crown Heights South
Brooklyn,047,032500,BK63,Crown Heights South
Brooklyn,047,033100,BK63,Crown Heights South
Brooklyn,047,033300,BK63,Crown Heights South
Brooklyn,047,033500,BK63,Crown Heights South
Brooklyn,047,035500,BK63,Crown Heights South
Brooklyn,047,016100,BK64,Prospect Heights
Brooklyn,047,016300,BK64,Prospect Heights
Brooklyn,047,020300,BK64,Prospect Heights
Brooklyn,047,020500,BK64,Prospect Heights
Brooklyn,047,020700,BK64,Prospect Heights
Brooklyn,047,021500,BK64,Prospect Heights
Brooklyn,047,002901,BK68,Fort Greene
Brooklyn,047,003100,BK68,Fort Greene
Brooklyn,047,003300,BK68,Fort Greene
Brooklyn,047,003500,BK68,Fort Greene
Brooklyn,047,017900,BK68,Fort Greene
Brooklyn,047,018100,BK68,Fort Greene
Brooklyn,047,018300,BK68,Fort Greene
Brooklyn,047,018501,BK68,Fort Greene
Brooklyn,047,018700,BK68,Fort Greene
Brooklyn,047,021100,BK68,Fort Greene
Brooklyn,047,019100,BK69,Clinton Hill
Brooklyn,047,019300,BK69,Clinton Hill
Brooklyn,047,019500,BK69,Clinton Hill
Brooklyn,047,019700,BK69,Clinton Hill
Brooklyn,047,019900,BK69,Clinton Hill
Brooklyn,047,020100,BK69,Clinton Hill
Brooklyn,047,022700,BK69,Clinton Hill
Brooklyn,047,022900,BK69,Clinton Hill
Brooklyn,047,023100,BK69,Clinton Hill
Brooklyn,047,023500,BK69,Clinton Hill
Brooklyn,047,050900,BK72,Williamsburg
Brooklyn,047,052900,BK72,Williamsburg
Brooklyn,047,053300,BK72,Williamsburg
Brooklyn,047,053500,BK72,Williamsburg
Brooklyn,047,053700,BK72,Williamsburg
Brooklyn,047,053900,BK72,Williamsburg
Brooklyn,047,054500,BK72,Williamsburg
Brooklyn,047,051300,BK73,North Side-South Side
Brooklyn,047,051500,BK73,North Side-South Side
Brooklyn,047,051700,BK73,North Side-South Side
Brooklyn,047,051900,BK73,North Side-South Side
Brooklyn,047,052300,BK73,North Side-South Side
Brooklyn,047,052500,BK73,North Side-South Side
Brooklyn,047,052700,BK73,North Side-South Side
Brooklyn,047,054700,BK73,North Side-South Side
Brooklyn,047,054900,BK73,North Side-South Side
Brooklyn,047,055100,BK73,North Side-South Side
Brooklyn,047,055300,BK73,North Side-South Side
Brooklyn,047,055500,BK73,North Side-South Side
Brooklyn,047,055700,BK73,North Side-South Side
Brooklyn,047,023300,BK75,Bedford
Brooklyn,047,024100,BK75,Bedford
Brooklyn,047,024300,BK75,Bedford
Brooklyn,047,024500,BK75,Bedford
Brooklyn,047,024900,BK75,Bedford
Brooklyn,047,025100,BK75,Bedford
Brooklyn,047,025300,BK75,Bedford
Brooklyn,047,025500,BK75,Bedford
Brooklyn,047,025700,BK75,Bedford
Brooklyn,047,025901,BK75,Bedford
Brooklyn,047,025902,BK75,Bedford
Brooklyn,047,026100,BK75,Bedford
Brooklyn,047,026300,BK75,Bedford
Brooklyn,047,026500,BK75,Bedford
Brooklyn,047,026700,BK75,Bedford
Brooklyn,047,026900,BK75,Bedford
Brooklyn,047,050700,BK75,Bedford
Brooklyn,047,053100,BK75,Bedford
Brooklyn,047,123700,BK75,Bedford
Brooklyn,047,049900,BK76,Greenpoint
Brooklyn,047,056100,BK76,Greenpoint
Brooklyn,047,056300,BK76,Greenpoint
Brooklyn,047,056500,BK76,Greenpoint
Brooklyn,047,056900,BK76,Greenpoint
Brooklyn,047,057100,BK76,Greenpoint
Brooklyn,047,057300,BK76,Greenpoint
Brooklyn,047,057500,BK76,Greenpoint
Brooklyn,047,057900,BK76,Greenpoint
Brooklyn,047,058900,BK76,Greenpoint
Brooklyn,047,059100,BK76,Greenpoint
Brooklyn,047,059300,BK76,Greenpoint
Brooklyn,047,040900,BK77,Bushwick North
Brooklyn,047,042700,BK77,Bushwick North
Brooklyn,047,042900,BK77,Bushwick North
Brooklyn,047,043100,BK77,Bushwick North
Brooklyn,047,043300,BK77,Bushwick North
Brooklyn,047,043500,BK77,Bushwick North
Brooklyn,047,043700,BK77,Bushwick North
Brooklyn,047,043900,BK77,Bushwick North
Brooklyn,047,044100,BK77,Bushwick North
Brooklyn,047,044300,BK77,Bushwick North
Brooklyn,047,044500,BK77,Bushwick North
Brooklyn,047,044700,BK77,Bushwick North
Brooklyn,047,045300,BK77,Bushwick North
Brooklyn,047,028501,BK78,Bushwick South
Brooklyn,047,038900,BK78,Bushwick South
Brooklyn,047,039100,BK78,Bushwick South
Brooklyn,047,039300,BK78,Bushwick South
Brooklyn,047,039500,BK78,Bushwick South
Brooklyn,047,039700,BK78,Bushwick South
Brooklyn,047,039900,BK78,Bushwick South
Brooklyn,047,040100,BK78,Bushwick South
Brooklyn,047,040300,BK78,Bushwick South
Brooklyn,047,040500,BK78,Bushwick South
Brooklyn,047,041100,BK78,Bushwick South
Brooklyn,047,041300,BK78,Bushwick South
Brooklyn,047,041500,BK78,Bushwick South
Brooklyn,047,041700,BK78,Bushwick South
Brooklyn,047,041900,BK78,Bushwick South
Brooklyn,047,042100,BK78,Bushwick South
Brooklyn,047,042300,BK78,Bushwick South
Brooklyn,047,042500,BK78,Bushwick South
Brooklyn,047,048500,BK78,Bushwick South
Brooklyn,047,048900,BK78,Bushwick South
Brooklyn,047,049300,BK78,Bushwick South
Brooklyn,047,030100,BK79,Ocean Hill
Brooklyn,047,030300,BK79,Ocean Hill
Brooklyn,047,036100,BK79,Ocean Hill
Brooklyn,047,036300,BK79,Ocean Hill
Brooklyn,047,036501,BK79,Ocean Hill
Brooklyn,047,036502,BK79,Ocean Hill
Brooklyn,047,036700,BK79,Ocean Hill
Brooklyn,047,036900,BK79,Ocean Hill
Brooklyn,047,037100,BK79,Ocean Hill
Brooklyn,047,037300,BK79,Ocean Hill
Brooklyn,047,089200,BK81,Brownsville
Brooklyn,047,089400,BK81,Brownsville
Brooklyn,047,089600,BK81,Brownsville
Brooklyn,047,089800,BK81,Brownsville
Brooklyn,047,090000,BK81,Brownsville
Brooklyn,047,090200,BK81,Brownsville
Brooklyn,047,090600,BK81,Brownsville
Brooklyn,047,090800,BK81,Brownsville
Brooklyn,047,091000,BK81,Brownsville
Brooklyn,047,091200,BK81,Brownsville
Brooklyn,047,091600,BK81,Brownsville
Brooklyn,047,091800,BK81,Brownsville
Brooklyn,047,092000,BK81,Brownsville
Brooklyn,047,092200,BK81,Brownsville
Brooklyn,047,092400,BK81,Brownsville
Brooklyn,047,107000,BK82,East New York
Brooklyn,047,107800,BK82,East New York
Brooklyn,047,109800,BK82,East New York
Brooklyn,047,110400,BK82,East New York
Brooklyn,047,110600,BK82,East New York
Brooklyn,047,111000,BK82,East New York
Brooklyn,047,111600,BK82,East New York
Brooklyn,047,111800,BK82,East New York
Brooklyn,047,112000,BK82,East New York
Brooklyn,047,112400,BK82,East New York
Brooklyn,047,115000,BK82,East New York
Brooklyn,047,115200,BK82,East New York
Brooklyn,047,116000,BK82,East New York
Brooklyn,047,116200,BK82,East New York
Brooklyn,047,116400,BK82,East New York
Brooklyn,047,116600,BK82,East New York
Brooklyn,047,116800,BK82,East New York
Brooklyn,047,117000,BK82,East New York
Brooklyn,047,119200,BK82,East New York
Brooklyn,047,119400,BK82,East New York
Brooklyn,047,119600,BK82,East New York
Brooklyn,047,119800,BK82,East New York
Brooklyn,047,120000,BK82,East New York
Brooklyn,047,120800,BK82,East New York
Brooklyn,047,121000,BK82,East New York
Brooklyn,047,121400,BK82,East New York
Brooklyn,047,122000,BK82,East New York
Brooklyn,047,114201,BK83,Cypress Hills-City Line
Brooklyn,047,114202,BK83,Cypress Hills-City Line
Brooklyn,047,114600,BK83,Cypress Hills-City Line
Brooklyn,047,117201,BK83,Cypress Hills-City Line
Brooklyn,047,117202,BK83,Cypress Hills-City Line
Brooklyn,047,117400,BK83,Cypress Hills-City Line
Brooklyn,047,117601,BK83,Cypress Hills-City Line
Brooklyn,047,117602,BK83,Cypress Hills-City Line
Brooklyn,047,117800,BK83,Cypress Hills-City Line
Brooklyn,047,118201,BK83,Cypress Hills-City Line
Brooklyn,047,118202,BK83,Cypress Hills-City Line
Brooklyn,047,118400,BK83,Cypress Hills-City Line
Brooklyn,047,118600,BK83,Cypress Hills-City Line
Brooklyn,047,118800,BK83,Cypress Hills-City Line
Brooklyn,047,119000,BK83,Cypress Hills-City Line
Brooklyn,047,120200,BK83,Cypress Hills-City Line
Brooklyn,047,112200,BK85,East New York (Pennsylvania Ave)
Brooklyn,047,112600,BK85,East New York (Pennsylvania Ave)
Brooklyn,047,112800,BK85,East New York (Pennsylvania Ave)
Brooklyn,047,113000,BK85,East New York (Pennsylvania Ave)
Brooklyn,047,113200,BK85,East New York (Pennsylvania Ave)
Brooklyn,047,113400,BK85,East New York (Pennsylvania Ave)
Brooklyn,047,114400,BK85,East New York (Pennsylvania Ave)
Brooklyn,047,115600,BK85,East New York (Pennsylvania Ave)
Brooklyn,047,115800,BK85,East New York (Pennsylvania Ave)
Brooklyn,047,011400,BK88,Borough Park
Brooklyn,047,011600,BK88,Borough Park
Brooklyn,047,019200,BK88,Borough Park
Brooklyn,047,021400,BK88,Borough Park
Brooklyn,047,021600,BK88,Borough Park
Brooklyn,047,021800,BK88,Borough Park
Brooklyn,047,022000,BK88,Borough Park
Brooklyn,047,022200,BK88,Borough Park
Brooklyn,047,022400,BK88,Borough Park
Brooklyn,047,022600,BK88,Borough Park
Brooklyn,047,022800,BK88,Borough Park
Brooklyn,047,023000,BK88,Borough Park
Brooklyn,047,023200,BK88,Borough Park
Brooklyn,047,023400,BK88,Borough Park
Brooklyn,047,023600,BK88,Borough Park
Brooklyn,047,023800,BK88,Borough Park
Brooklyn,047,024000,BK88,Borough Park
Brooklyn,047,024200,BK88,Borough Park
Brooklyn,047,024400,BK88,Borough Park
Brooklyn,047,024600,BK88,Borough Park
Brooklyn,047,044600,BK88,Borough Park
Brooklyn,047,046400,BK88,Borough Park
Brooklyn,047,046800,BK88,Borough Park
Brooklyn,047,047000,BK88,Borough Park
Brooklyn,047,047200,BK88,Borough Park
Brooklyn,047,047400,BK88,Borough Park
Brooklyn,047,047600,BK88,Borough Park
Brooklyn,047,047800,BK88,Borough Park
Brooklyn,047,044900,BK90,East Williamsburg
Brooklyn,047,047700,BK90,East Williamsburg
Brooklyn,047,048100,BK90,East Williamsburg
Brooklyn,047,049100,BK90,East Williamsburg
Brooklyn,047,049500,BK90,East Williamsburg
Brooklyn,047,049700,BK90,East Williamsburg
Brooklyn,047,050100,BK90,East Williamsburg
Brooklyn,047,050300,BK90,East Williamsburg
Brooklyn,047,050500,BK90,East Williamsburg
Brooklyn,047,051100,BK90,East Williamsburg
Brooklyn,047,078000,BK91,East Flatbush-Farragut
Brooklyn,047,078200,BK91,East Flatbush-Farragut
Brooklyn,047,078400,BK91,East Flatbush-Farragut
Brooklyn,047,081400,BK91,East Flatbush-Farragut
Brooklyn,047,081600,BK91,East Flatbush-Farragut
Brooklyn,047,083000,BK91,East Flatbush-Farragut
Brooklyn,047,083200,BK91,East Flatbush-Farragut
Brooklyn,047,083400,BK91,East Flatbush-Farragut
Brooklyn,047,083600,BK91,East Flatbush-Farragut
Brooklyn,047,083800,BK91,East Flatbush-Farragut
Brooklyn,047,084000,BK91,East Flatbush-Farragut
Brooklyn,047,085000,BK91,East Flatbush-Farragut
Brooklyn,047,085400,BK91,East Flatbush-Farragut
Brooklyn,047,085600,BK91,East Flatbush-Farragut
Brooklyn,047,085800,BK91,East Flatbush-Farragut
Brooklyn,047,086000,BK91,East Flatbush-Farragut
Brooklyn,047,087000,BK91,East Flatbush-Farragut
Brooklyn,047,087200,BK91,East Flatbush-Farragut
Brooklyn,047,093200,BK91,East Flatbush-Farragut
Brooklyn,047,105801,BK93,Starrett City
Brooklyn,047,105804,BK93,Starrett City
Brooklyn,047,079000,BK95,Erasmus
Brooklyn,047,079200,BK95,Erasmus
Brooklyn,047,079400,BK95,Erasmus
Brooklyn,047,081800,BK95,Erasmus
Brooklyn,047,082400,BK95,Erasmus
Brooklyn,047,082600,BK95,Erasmus
Brooklyn,047,082800,BK95,Erasmus
Brooklyn,047,084600,BK96,Rugby-Remsen Village
Brooklyn,047,084800,BK96,Rugby-Remsen Village
Brooklyn,047,086200,BK96,Rugby-Remsen Village
Brooklyn,047,086400,BK96,Rugby-Remsen Village
Brooklyn,047,086600,BK96,Rugby-Remsen Village
Brooklyn,047,086800,BK96,Rugby-Remsen Village
Brooklyn,047,088200,BK96,Rugby-Remsen Village
Brooklyn,047,088400,BK96,Rugby-Remsen Village
Brooklyn,047,088600,BK96,Rugby-Remsen Village
Brooklyn,047,088800,BK96,Rugby-Remsen Village
Brooklyn,047,089000,BK96,Rugby-Remsen Village
Brooklyn,047,092800,BK96,Rugby-Remsen Village
Brooklyn,047,093000,BK96,Rugby-Remsen Village
Brooklyn,047,093400,BK96,Rugby-Remsen Village
Brooklyn,047,093600,BK96,Rugby-Remsen Village
Brooklyn,047,093800,BK96,Rugby-Remsen Village
Brooklyn,047,094600,BK96,Rugby-Remsen Village
Brooklyn,047,015400,BK99,park-cemetery-etc-Brooklyn
Brooklyn,047,017500,BK99,park-cemetery-etc-Brooklyn
Brooklyn,047,017700,BK99,park-cemetery-etc-Brooklyn
Brooklyn,047,040700,BK99,park-cemetery-etc-Brooklyn
Brooklyn,047,054300,BK99,park-cemetery-etc-Brooklyn
Brooklyn,047,066600,BK99,park-cemetery-etc-Brooklyn
Brooklyn,047,070202,BK99,park-cemetery-etc-Brooklyn
Brooklyn,047,070203,BK99,park-cemetery-etc-Brooklyn
Brooklyn,047,085200,BK99,park-cemetery-etc-Brooklyn
Brooklyn,047,118000,BK99,park-cemetery-etc-Brooklyn
Brooklyn,047,990100,BK99,park-cemetery-etc-Brooklyn
Bronx,005,014500,BX01,Claremont-Bathgate
Bronx,005,014701,BX01,Claremont-Bathgate
Bronx,005,014702,BX01,Claremont-Bathgate
Bronx,005,016500,BX01,Claremont-Bathgate
Bronx,005,016700,BX01,Claremont-Bathgate
Bronx,005,016900,BX01,Claremont-Bathgate
Bronx,005,038500,BX01,Claremont-Bathgate
Bronx,005,039500,BX01,Claremont-Bathgate
Bronx,005,035600,BX03,Eastchester-Edenwald-Baychester
Bronx,005,035800,BX03,Eastchester-Edenwald-Baychester
Bronx,005,036400,BX03,Eastchester-Edenwald-Baychester
Bronx,005,038600,BX03,Eastchester-Edenwald-Baychester
Bronx,005,045600,BX03,Eastchester-Edenwald-Baychester
Bronx,005,045800,BX03,Eastchester-Edenwald-Baychester
Bronx,005,046000,BX03,Eastchester-Edenwald-Baychester
Bronx,005,048400,BX03,Eastchester-Edenwald-Baychester
Bronx,005,023702,BX05,Bedford Park-Fordham North
Bronx,005,039901,BX05,Bedford Park-Fordham North
Bronx,005,039902,BX05,Bedford Park-Fordham North
Bronx,005,040100,BX05,Bedford Park-Fordham North
Bronx,005,040302,BX05,Bedford Park-Fordham North
Bronx,005,040501,BX05,Bedford Park-Fordham North
Bronx,005,040502,BX05,Bedford Park-Fordham North
Bronx,005,040702,BX05,Bedford Park-Fordham North
Bronx,005,041100,BX05,Bedford Park-Fordham North
Bronx,005,041300,BX05,Bedford Park-Fordham North
Bronx,005,041500,BX05,Bedford Park-Fordham North
Bronx,005,038700,BX06,Belmont
Bronx,005,038900,BX06,Belmont
Bronx,005,039100,BX06,Belmont
Bronx,005,039300,BX06,Belmont
Bronx,005,039700,BX06,Belmont
Bronx,005,032400,BX07,Bronxdale
Bronx,005,032800,BX07,Bronxdale
Bronx,005,033000,BX07,Bronxdale
Bronx,005,033201,BX07,Bronxdale
Bronx,005,033202,BX07,Bronxdale
Bronx,005,033600,BX07,Bronxdale
Bronx,005,033800,BX07,Bronxdale
Bronx,005,034000,BX07,Bronxdale
Bronx,005,005400,BX08,West Farms-Bronx River
Bronx,005,005600,BX08,West Farms-Bronx River
Bronx,005,006200,BX08,West Farms-Bronx River
Bronx,005,006400,BX08,West Farms-Bronx River
Bronx,005,007600,BX08,West Farms-Bronx River
Bronx,005,021601,BX08,West Farms-Bronx River
Bronx,005,021800,BX08,West Farms-Bronx River
Bronx,005,000200,BX09,Soundview-Castle Hill-Clason Point-Harding Park
Bronx,005,000400,BX09,Soundview-Castle Hill-Clason Point-Harding Park
Bronx,005,001600,BX09,Soundview-Castle Hill-Clason Point-Harding Park
Bronx,005,002000,BX09,Soundview-Castle Hill-Clason Point-Harding Park
Bronx,005,002800,BX09,Soundview-Castle Hill-Clason Point-Harding Park
Bronx,005,003800,BX09,Soundview-Castle Hill-Clason Point-Harding Park
Bronx,005,004200,BX09,Soundview-Castle Hill-Clason Point-Harding Park
Bronx,005,004600,BX09,Soundview-Castle Hill-Clason Point-Harding Park
Bronx,005,007400,BX09,Soundview-Castle Hill-Clason Point-Harding Park
Bronx,005,008400,BX09,Soundview-Castle Hill-Clason Point-Harding Park
Bronx,005,008600,BX09,Soundview-Castle Hill-Clason Point-Harding Park
Bronx,005,009000,BX09,Soundview-Castle Hill-Clason Point-Harding Park
Bronx,005,026601,BX10,Pelham Bay-Country Club-City Island
Bronx,005,026602,BX10,Pelham Bay-Country Club-City Island
Bronx,005,027401,BX10,Pelham Bay-Country Club-City Island
Bronx,005,027402,BX10,Pelham Bay-Country Club-City Island
Bronx,005,030000,BX10,Pelham Bay-Country Club-City Island
Bronx,005,051600,BX10,Pelham Bay-Country Club-City Island
Bronx,005,030200,BX13,Co-op City
Bronx,005,046201,BX13,Co-op City
Bronx,005,046202,BX13,Co-op City
Bronx,005,005902,BX14,East Concourse-Concourse Village
Bronx,005,006100,BX14,East Concourse-Concourse Village
Bronx,005,014300,BX14,East Concourse-Concourse Village
Bronx,005,017300,BX14,East Concourse-Concourse Village
Bronx,005,017500,BX14,East Concourse-Concourse Village
Bronx,005,017701,BX14,East Concourse-Concourse Village
Bronx,005,017702,BX14,East Concourse-Concourse Village
Bronx,005,017901,BX14,East Concourse-Concourse Village
Bronx,005,017902,BX14,East Concourse-Concourse Village
Bronx,005,018101,BX14,East Concourse-Concourse Village
Bronx,005,018102,BX14,East Concourse-Concourse Village
Bronx,005,018301,BX14,East Concourse-Concourse Village
Bronx,005,018302,BX14,East Concourse-Concourse Village
Bronx,005,022500,BX14,East Concourse-Concourse Village
Bronx,005,022000,BX17,East Tremont
Bronx,005,035900,BX17,East Tremont
Bronx,005,036100,BX17,East Tremont
Bronx,005,036300,BX17,East Tremont
Bronx,005,036501,BX17,East Tremont
Bronx,005,036502,BX17,East Tremont
Bronx,005,036700,BX17,East Tremont
Bronx,005,036901,BX17,East Tremont
Bronx,005,036902,BX17,East Tremont
Bronx,005,037100,BX17,East Tremont
Bronx,005,037300,BX17,East Tremont
Bronx,005,037504,BX17,East Tremont
Bronx,005,030701,BX22,North Riverdale-Fieldston-Riverdale
Bronx,005,030900,BX22,North Riverdale-Fieldston-Riverdale
Bronx,005,031900,BX22,North Riverdale-Fieldston-Riverdale
Bronx,005,032300,BX22,North Riverdale-Fieldston-Riverdale
Bronx,005,033500,BX22,North Riverdale-Fieldston-Riverdale
Bronx,005,033700,BX22,North Riverdale-Fieldston-Riverdale
Bronx,005,034300,BX22,North Riverdale-Fieldston-Riverdale
Bronx,005,034500,BX22,North Riverdale-Fieldston-Riverdale
Bronx,005,035100,BX22,North Riverdale-Fieldston-Riverdale
Bronx,005,018900,BX26,Highbridge
Bronx,005,019300,BX26,Highbridge
Bronx,005,019900,BX26,Highbridge
Bronx,005,020100,BX26,Highbridge
Bronx,005,021100,BX26,Highbridge
Bronx,005,021302,BX26,Highbridge
Bronx,005,021900,BX26,Highbridge
Bronx,005,008900,BX27,Hunts Point
Bronx,005,009300,BX27,Hunts Point
Bronx,005,011502,BX27,Hunts Point
Bronx,005,011700,BX27,Hunts Point
Bronx,005,011900,BX27,Hunts Point
Bronx,005,012102,BX27,Hunts Point
Bronx,005,012701,BX27,Hunts Point
Bronx,005,015900,BX27,Hunts Point
Bronx,005,026701,BX28,Van Cortlandt Village
Bronx,005,026702,BX28,Van Cortlandt Village
Bronx,005,027300,BX28,Van Cortlandt Village
Bronx,005,027700,BX28,Van Cortlandt Village
Bronx,005,027900,BX28,Van Cortlandt Village
Bronx,005,028100,BX28,Van Cortlandt Village
Bronx,005,040303,BX28,Van Cortlandt Village
Bronx,005,040304,BX28,Van Cortlandt Village
Bronx,005,040701,BX28,Van Cortlandt Village
Bronx,005,040900,BX28,Van Cortlandt Village
Bronx,005,028300,BX29,Spuyten Duyvil-Kingsbridge
Bronx,005,028500,BX29,Spuyten Duyvil-Kingsbridge
Bronx,005,028700,BX29,Spuyten Duyvil-Kingsbridge
Bronx,005,028900,BX29,Spuyten Duyvil-Kingsbridge
Bronx,005,029301,BX29,Spuyten Duyvil-Kingsbridge
Bronx,005,029302,BX29,Spuyten Duyvil-Kingsbridge
Bronx,005,029500,BX29,Spuyten Duyvil-Kingsbridge
Bronx,005,029700,BX29,Spuyten Duyvil-Kingsbridge
Bronx,005,030100,BX29,Spuyten Duyvil-Kingsbridge
Bronx,005,025300,BX30,Kingsbridge Heights
Bronx,005,025500,BX30,Kingsbridge Heights
Bronx,005,026100,BX30,Kingsbridge Heights
Bronx,005,026300,BX30,Kingsbridge Heights
Bronx,005,026500,BX30,Kingsbridge Heights
Bronx,005,026900,BX30,Kingsbridge Heights
Bronx,005,031000,BX31,Allerton-Pelham Gardens
Bronx,005,031200,BX31,Allerton-Pelham Gardens
Bronx,005,031400,BX31,Allerton-Pelham Gardens
Bronx,005,031600,BX31,Allerton-Pelham Gardens
Bronx,005,031800,BX31,Allerton-Pelham Gardens
Bronx,005,032600,BX31,Allerton-Pelham Gardens
Bronx,005,034200,BX31,Allerton-Pelham Gardens
Bronx,005,034400,BX31,Allerton-Pelham Gardens
Bronx,005,034800,BX31,Allerton-Pelham Gardens
Bronx,005,035000,BX31,Allerton-Pelham Gardens
Bronx,005,036000,BX31,Allerton-Pelham Gardens
Bronx,005,008300,BX33,Longwood
Bronx,005,008500,BX33,Longwood
Bronx,005,008700,BX33,Longwood
Bronx,005,012901,BX33,Longwood
Bronx,005,013100,BX33,Longwood
Bronx,005,006500,BX34,Melrose South-Mott Haven North
Bronx,005,006700,BX34,Melrose South-Mott Haven North
Bronx,005,006900,BX34,Melrose South-Mott Haven North
Bronx,005,007100,BX34,Melrose South-Mott Haven North
Bronx,005,007300,BX34,Melrose South-Mott Haven North
Bronx,005,007500,BX34,Melrose South-Mott Haven North
Bronx,005,007700,BX34,Melrose South-Mott Haven North
Bronx,005,007900,BX34,Melrose South-Mott Haven North
Bronx,005,012101,BX35,Morrisania-Melrose
Bronx,005,012500,BX35,Morrisania-Melrose
Bronx,005,013300,BX35,Morrisania-Melrose
Bronx,005,013500,BX35,Morrisania-Melrose
Bronx,005,014100,BX35,Morrisania-Melrose
Bronx,005,014900,BX35,Morrisania-Melrose
Bronx,005,015100,BX35,Morrisania-Melrose
Bronx,005,018500,BX35,Morrisania-Melrose
Bronx,005,005300,BX36,University Heights-Morris Heights
Bronx,005,020501,BX36,University Heights-Morris Heights
Bronx,005,020502,BX36,University Heights-Morris Heights
Bronx,005,021301,BX36,University Heights-Morris Heights
Bronx,005,021501,BX36,University Heights-Morris Heights
Bronx,005,021502,BX36,University Heights-Morris Heights
Bronx,005,021700,BX36,University Heights-Morris Heights
Bronx,005,024300,BX36,University Heights-Morris Heights
Bronx,005,024501,BX36,University Heights-Morris Heights
Bronx,005,024502,BX36,University Heights-Morris Heights
Bronx,005,024700,BX36,University Heights-Morris Heights
Bronx,005,024900,BX36,University Heights-Morris Heights
Bronx,005,025100,BX36,University Heights-Morris Heights
Bronx,005,025700,BX36,University Heights-Morris Heights
Bronx,005,020000,BX37,Van Nest-Morris Park-Westchester Square
Bronx,005,023000,BX37,Van Nest-Morris Park-Westchester Square
Bronx,005,023200,BX37,Van Nest-Morris Park-Westchester Square
Bronx,005,023600,BX37,Van Nest-Morris Park-Westchester Square
Bronx,005,023800,BX37,Van Nest-Morris Park-Westchester Square
Bronx,005,024000,BX37,Van Nest-Morris Park-Westchester Square
Bronx,005,024400,BX37,Van Nest-Morris Park-Westchester Square
Bronx,005,025200,BX37,Van Nest-Morris Park-Westchester Square
Bronx,005,025400,BX37,Van Nest-Morris Park-Westchester Square
Bronx,005,025600,BX37,Van Nest-Morris Park-Westchester Square
Bronx,005,028400,BX37,Van Nest-Morris Park-Westchester Square
Bronx,005,028600,BX37,Van Nest-Morris Park-Westchester Square
Bronx,005,001900,BX39,Mott Haven-Port Morris
Bronx,005,002300,BX39,Mott Haven-Port Morris
Bronx,005,002500,BX39,Mott Haven-Port Morris
Bronx,005,002701,BX39,Mott Haven-Port Morris
Bronx,005,002702,BX39,Mott Haven-Port Morris
Bronx,005,003100,BX39,Mott Haven-Port Morris
Bronx,005,003300,BX39,Mott Haven-Port Morris
Bronx,005,003500,BX39,Mott Haven-Port Morris
Bronx,005,003700,BX39,Mott Haven-Port Morris
Bronx,005,003900,BX39,Mott Haven-Port Morris
Bronx,005,004100,BX39,Mott Haven-Port Morris
Bronx,005,004300,BX39,Mott Haven-Port Morris
Bronx,005,005100,BX39,Mott Haven-Port Morris
Bronx,005,023703,BX40,Fordham South
Bronx,005,023704,BX40,Fordham South
Bronx,005,023900,BX40,Fordham South
Bronx,005,038301,BX40,Fordham South
Bronx,005,038302,BX40,Fordham South
Bronx,005,022701,BX41,Mount Hope
Bronx,005,022702,BX41,Mount Hope
Bronx,005,022703,BX41,Mount Hope
Bronx,005,022901,BX41,Mount Hope
Bronx,005,022902,BX41,Mount Hope
Bronx,005,023100,BX41,Mount Hope
Bronx,005,023301,BX41,Mount Hope
Bronx,005,023302,BX41,Mount Hope
Bronx,005,023501,BX41,Mount Hope
Bronx,005,023502,BX41,Mount Hope
Bronx,005,024100,BX41,Mount Hope
Bronx,005,037900,BX41,Mount Hope
Bronx,005,038100,BX41,Mount Hope
Bronx,005,041900,BX43,Norwood
Bronx,005,042100,BX43,Norwood
Bronx,005,042300,BX43,Norwood
Bronx,005,042500,BX43,Norwood
Bronx,005,042901,BX43,Norwood
Bronx,005,042902,BX43,Norwood
Bronx,005,043100,BX43,Norwood
Bronx,005,036800,BX44,Williamsbridge-Olinville
Bronx,005,037000,BX44,Williamsbridge-Olinville
Bronx,005,037200,BX44,Williamsbridge-Olinville
Bronx,005,037400,BX44,Williamsbridge-Olinville
Bronx,005,037600,BX44,Williamsbridge-Olinville
Bronx,005,037800,BX44,Williamsbridge-Olinville
Bronx,005,038000,BX44,Williamsbridge-Olinville
Bronx,005,038200,BX44,Williamsbridge-Olinville
Bronx,005,038800,BX44,Williamsbridge-Olinville
Bronx,005,039000,BX44,Williamsbridge-Olinville
Bronx,005,039200,BX44,Williamsbridge-Olinville
Bronx,005,039400,BX44,Williamsbridge-Olinville
Bronx,005,039600,BX44,Williamsbridge-Olinville
Bronx,005,039800,BX44,Williamsbridge-Olinville
Bronx,005,040400,BX44,Williamsbridge-Olinville
Bronx,005,040600,BX44,Williamsbridge-Olinville
Bronx,005,040800,BX44,Williamsbridge-Olinville
Bronx,005,042000,BX44,Williamsbridge-Olinville
Bronx,005,042200,BX44,Williamsbridge-Olinville
Bronx,005,042400,BX44,Williamsbridge-Olinville
Bronx,005,021001,BX46,Parkchester
Bronx,005,021002,BX46,Parkchester
Bronx,005,021200,BX46,Parkchester
Bronx,005,021602,BX46,Parkchester
Bronx,005,022200,BX46,Parkchester
Bronx,005,022401,BX49,Pelham Parkway
Bronx,005,022403,BX49,Pelham Parkway
Bronx,005,022404,BX49,Pelham Parkway
Bronx,005,022800,BX49,Pelham Parkway
Bronx,005,024600,BX49,Pelham Parkway
Bronx,005,024800,BX49,Pelham Parkway
Bronx,005,025000,BX49,Pelham Parkway
Bronx,005,028800,BX49,Pelham Parkway
Bronx,005,029600,BX49,Pelham Parkway
Bronx,005,011000,BX52,Schuylerville-Throgs Neck-Edgewater Park
Bronx,005,011800,BX52,Schuylerville-Throgs Neck-Edgewater Park
Bronx,005,013000,BX52,Schuylerville-Throgs Neck-Edgewater Park
Bronx,005,013200,BX52,Schuylerville-Throgs Neck-Edgewater Park
Bronx,005,013800,BX52,Schuylerville-Throgs Neck-Edgewater Park
Bronx,005,014400,BX52,Schuylerville-Throgs Neck-Edgewater Park
Bronx,005,015200,BX52,Schuylerville-Throgs Neck-Edgewater Park
Bronx,005,015800,BX52,Schuylerville-Throgs Neck-Edgewater Park
Bronx,005,016000,BX52,Schuylerville-Throgs Neck-Edgewater Park
Bronx,005,016200,BX52,Schuylerville-Throgs Neck-Edgewater Park
Bronx,005,016400,BX52,Schuylerville-Throgs Neck-Edgewater Park
Bronx,005,016600,BX52,Schuylerville-Throgs Neck-Edgewater Park
Bronx,005,018400,BX52,Schuylerville-Throgs Neck-Edgewater Park
Bronx,005,019400,BX52,Schuylerville-Throgs Neck-Edgewater Park
Bronx,005,026400,BX52,Schuylerville-Throgs Neck-Edgewater Park
Bronx,005,004001,BX55,Soundview-Bruckner
Bronx,005,004400,BX55,Soundview-Bruckner
Bronx,005,004800,BX55,Soundview-Bruckner
Bronx,005,005001,BX55,Soundview-Bruckner
Bronx,005,005002,BX55,Soundview-Bruckner
Bronx,005,005200,BX55,Soundview-Bruckner
Bronx,005,006800,BX55,Soundview-Bruckner
Bronx,005,007000,BX55,Soundview-Bruckner
Bronx,005,007200,BX55,Soundview-Bruckner
Bronx,005,007800,BX59,Westchester-Unionport
Bronx,005,009200,BX59,Westchester-Unionport
Bronx,005,009600,BX59,Westchester-Unionport
Bronx,005,009800,BX59,Westchester-Unionport
Bronx,005,020200,BX59,Westchester-Unionport
Bronx,005,020400,BX59,Westchester-Unionport
Bronx,005,020601,BX59,Westchester-Unionport
Bronx,005,041400,BX62,Woodlawn-Wakefield
Bronx,005,041800,BX62,Woodlawn-Wakefield
Bronx,005,042600,BX62,Woodlawn-Wakefield
Bronx,005,042800,BX62,Woodlawn-Wakefield
Bronx,005,043000,BX62,Woodlawn-Wakefield
Bronx,005,043400,BX62,Woodlawn-Wakefield
Bronx,005,043600,BX62,Woodlawn-Wakefield
Bronx,005,044200,BX62,Woodlawn-Wakefield
Bronx,005,044400,BX62,Woodlawn-Wakefield
Bronx,005,044800,BX62,Woodlawn-Wakefield
Bronx,005,044901,BX62,Woodlawn-Wakefield
Bronx,005,044902,BX62,Woodlawn-Wakefield
Bronx,005,045101,BX62,Woodlawn-Wakefield
Bronx,005,045102,BX62,Woodlawn-Wakefield
Bronx,005,006300,BX63,West Concourse
Bronx,005,019500,BX63,West Concourse
Bronx,005,019700,BX63,West Concourse
Bronx,005,020900,BX63,West Concourse
Bronx,005,022101,BX63,West Concourse
Bronx,005,022102,BX63,West Concourse
Bronx,005,022300,BX63,West Concourse
Bronx,005,006000,BX75,Crotona Park East
Bronx,005,012300,BX75,Crotona Park East
Bronx,005,015300,BX75,Crotona Park East
Bronx,005,015500,BX75,Crotona Park East
Bronx,005,015700,BX75,Crotona Park East
Bronx,005,016100,BX75,Crotona Park East
Bronx,005,000100,BX98,Rikers Island
Bronx,005,002400,BX99,park-cemetery-etc-Bronx
Bronx,005,016300,BX99,park-cemetery-etc-Bronx
Bronx,005,017100,BX99,park-cemetery-etc-Bronx
Bronx,005,027600,BX99,park-cemetery-etc-Bronx
Bronx,005,033400,BX99,park-cemetery-etc-Bronx
Bronx,005,043500,BX99,park-cemetery-etc-Bronx
Bronx,005,050400,BX99,park-cemetery-etc-Bronx
Manhattan,061,029100,MN01,Marble Hill-Inwood
Manhattan,061,029300,MN01,Marble Hill-Inwood
Manhattan,061,029500,MN01,Marble Hill-Inwood
Manhattan,061,029900,MN01,Marble Hill-Inwood
Manhattan,061,030300,MN01,Marble Hill-Inwood
Manhattan,061,030700,MN01,Marble Hill-Inwood
Manhattan,061,030900,MN01,Marble Hill-Inwood
Manhattan,061,020600,MN03,Central Harlem North-Polo Grounds
Manhattan,061,020800,MN03,Central Harlem North-Polo Grounds
Manhattan,061,021200,MN03,Central Harlem North-Polo Grounds
Manhattan,061,021400,MN03,Central Harlem North-Polo Grounds
Manhattan,061,021500,MN03,Central Harlem North-Polo Grounds
Manhattan,061,022102,MN03,Central Harlem North-Polo Grounds
Manhattan,061,022400,MN03,Central Harlem North-Polo Grounds
Manhattan,061,022600,MN03,Central Harlem North-Polo Grounds
Manhattan,061,022800,MN03,Central Harlem North-Polo Grounds
Manhattan,061,023000,MN03,Central Harlem North-Polo Grounds
Manhattan,061,023200,MN03,Central Harlem North-Polo Grounds
Manhattan,061,023400,MN03,Central Harlem North-Polo Grounds
Manhattan,061,023502,MN03,Central Harlem North-Polo Grounds
Manhattan,061,023600,MN03,Central Harlem North-Polo Grounds
Manhattan,061,024302,MN03,Central Harlem North-Polo Grounds
Manhattan,061,025900,MN03,Central Harlem North-Polo Grounds
Manhattan,061,022500,MN04,Hamilton Heights
Manhattan,061,022700,MN04,Hamilton Heights
Manhattan,061,022900,MN04,Hamilton Heights
Manhattan,061,023100,MN04,Hamilton Heights
Manhattan,061,023300,MN04,Hamilton Heights
Manhattan,061,023501,MN04,Hamilton Heights
Manhattan,061,023700,MN04,Hamilton Heights
Manhattan,061,021303,MN06,Manhattanville
Manhattan,061,021703,MN06,Manhattanville
Manhattan,061,021900,MN06,Manhattanville
Manhattan,061,022301,MN06,Manhattanville
Manhattan,061,022302,MN06,Manhattanville
Manhattan,061,019300,MN09,Morningside Heights
Manhattan,061,019500,MN09,Morningside Heights
Manhattan,061,019701,MN09,Morningside Heights
Manhattan,061,019900,MN09,Morningside Heights
Manhattan,061,020101,MN09,Morningside Heights
Manhattan,061,020300,MN09,Morningside Heights
Manhattan,061,020500,MN09,Morningside Heights
Manhattan,061,020701,MN09,Morningside Heights
Manhattan,061,020901,MN09,Morningside Heights
Manhattan,061,021100,MN09,Morningside Heights
Manhattan,061,018600,MN11,Central Harlem South
Manhattan,061,019000,MN11,Central Harlem South
Manhattan,061,019702,MN11,Central Harlem South
Manhattan,061,020000,MN11,Central Harlem South
Manhattan,061,020102,MN11,Central Harlem South
Manhattan,061,021600,MN11,Central Harlem South
Manhattan,061,021800,MN11,Central Harlem South
Manhattan,061,022000,MN11,Central Harlem South
Manhattan,061,022200,MN11,Central Harlem South
Manhattan,061,025700,MN11,Central Harlem South
Manhattan,061,018100,MN12,Upper West Side
Manhattan,061,016100,MN12,Upper West Side
Manhattan,061,016300,MN12,Upper West Side
Manhattan,061,016500,MN12,Upper West Side
Manhattan,061,016700,MN12,Upper West Side
Manhattan,061,016900,MN12,Upper West Side
Manhattan,061,017100,MN12,Upper West Side
Manhattan,061,017300,MN12,Upper West Side
Manhattan,061,017500,MN12,Upper West Side
Manhattan,061,017700,MN12,Upper West Side
Manhattan,061,017900,MN12,Upper West Side
Manhattan,061,018300,MN12,Upper West Side
Manhattan,061,018500,MN12,Upper West Side
Manhattan,061,018700,MN12,Upper West Side
Manhattan,061,018900,MN12,Upper West Side
Manhattan,061,019100,MN12,Upper West Side
Manhattan,061,005200,MN13,Hudson Yards-Chelsea-Flat Iron-Union Square
Manhattan,061,005400,MN13,Hudson Yards-Chelsea-Flat Iron-Union Square
Manhattan,061,005600,MN13,Hudson Yards-Chelsea-Flat Iron-Union Square
Manhattan,061,005800,MN13,Hudson Yards-Chelsea-Flat Iron-Union Square
Manhattan,061,008100,MN13,Hudson Yards-Chelsea-Flat Iron-Union Square
Manhattan,061,008300,MN13,Hudson Yards-Chelsea-Flat Iron-Union Square
Manhattan,061,008700,MN13,Hudson Yards-Chelsea-Flat Iron-Union Square
Manhattan,061,008900,MN13,Hudson Yards-Chelsea-Flat Iron-Union Square
Manhattan,061,009100,MN13,Hudson Yards-Chelsea-Flat Iron-Union Square
Manhattan,061,009300,MN13,Hudson Yards-Chelsea-Flat Iron-Union Square
Manhattan,061,009700,MN13,Hudson Yards-Chelsea-Flat Iron-Union Square
Manhattan,061,009900,MN13,Hudson Yards-Chelsea-Flat Iron-Union Square
Manhattan,061,010300,MN13,Hudson Yards-Chelsea-Flat Iron-Union Square
Manhattan,061,011100,MN13,Hudson Yards-Chelsea-Flat Iron-Union Square
Manhattan,061,011700,MN13,Hudson Yards-Chelsea-Flat Iron-Union Square
Manhattan,061,014500,MN14,Lincoln Square
Manhattan,061,014700,MN14,Lincoln Square
Manhattan,061,014900,MN14,Lincoln Square
Manhattan,061,015100,MN14,Lincoln Square
Manhattan,061,015300,MN14,Lincoln Square
Manhattan,061,015500,MN14,Lincoln Square
Manhattan,061,015700,MN14,Lincoln Square
Manhattan,061,015900,MN14,Lincoln Square
Manhattan,061,011500,MN15,Clinton
Manhattan,061,012100,MN15,Clinton
Manhattan,061,012700,MN15,Clinton
Manhattan,061,012900,MN15,Clinton
Manhattan,061,013300,MN15,Clinton
Manhattan,061,013500,MN15,Clinton
Manhattan,061,013900,MN15,Clinton
Manhattan,061,007400,MN17,Midtown-Midtown South
Manhattan,061,007600,MN17,Midtown-Midtown South
Manhattan,061,008400,MN17,Midtown-Midtown South
Manhattan,061,009400,MN17,Midtown-Midtown South
Manhattan,061,009500,MN17,Midtown-Midtown South
Manhattan,061,009600,MN17,Midtown-Midtown South
Manhattan,061,010100,MN17,Midtown-Midtown South
Manhattan,061,010200,MN17,Midtown-Midtown South
Manhattan,061,010400,MN17,Midtown-Midtown South
Manhattan,061,010900,MN17,Midtown-Midtown South
Manhattan,061,011201,MN17,Midtown-Midtown South
Manhattan,061,011202,MN17,Midtown-Midtown South
Manhattan,061,011300,MN17,Midtown-Midtown South
Manhattan,061,011900,MN17,Midtown-Midtown South
Manhattan,061,012500,MN17,Midtown-Midtown South
Manhattan,061,013100,MN17,Midtown-Midtown South
Manhattan,061,013700,MN17,Midtown-Midtown South
Manhattan,061,008601,MN19,Turtle Bay-East Midtown
Manhattan,061,008602,MN19,Turtle Bay-East Midtown
Manhattan,061,008603,MN19,Turtle Bay-East Midtown
Manhattan,061,008800,MN19,Turtle Bay-East Midtown
Manhattan,061,009000,MN19,Turtle Bay-East Midtown
Manhattan,061,009200,MN19,Turtle Bay-East Midtown
Manhattan,061,009800,MN19,Turtle Bay-East Midtown
Manhattan,061,010000,MN19,Turtle Bay-East Midtown
Manhattan,061,010601,MN19,Turtle Bay-East Midtown
Manhattan,061,010800,MN19,Turtle Bay-East Midtown
Manhattan,061,011203,MN19,Turtle Bay-East Midtown
Manhattan,061,006200,MN20,Murray Hill-Kips Bay
Manhattan,061,006600,MN20,Murray Hill-Kips Bay
Manhattan,061,007000,MN20,Murray Hill-Kips Bay
Manhattan,061,007200,MN20,Murray Hill-Kips Bay
Manhattan,061,007800,MN20,Murray Hill-Kips Bay
Manhattan,061,008000,MN20,Murray Hill-Kips Bay
Manhattan,061,008200,MN20,Murray Hill-Kips Bay
Manhattan,061,004800,MN21,Gramercy
Manhattan,061,005000,MN21,Gramercy
Manhattan,061,006400,MN21,Gramercy
Manhattan,061,006800,MN21,Gramercy
Manhattan,061,003002,MN22,East Village
Manhattan,061,003200,MN22,East Village
Manhattan,061,003400,MN22,East Village
Manhattan,061,003602,MN22,East Village
Manhattan,061,003800,MN22,East Village
Manhattan,061,004000,MN22,East Village
Manhattan,061,004200,MN22,East Village
Manhattan,061,005501,MN23,West Village
Manhattan,061,005502,MN23,West Village
Manhattan,061,005700,MN23,West Village
Manhattan,061,005900,MN23,West Village
Manhattan,061,006100,MN23,West Village
Manhattan,061,006300,MN23,West Village
Manhattan,061,006500,MN23,West Village
Manhattan,061,006700,MN23,West Village
Manhattan,061,006900,MN23,West Village
Manhattan,061,007100,MN23,West Village
Manhattan,061,007300,MN23,West Village
Manhattan,061,007500,MN23,West Village
Manhattan,061,007700,MN23,West Village
Manhattan,061,007900,MN23,West Village
Manhattan,061,002100,MN24,SoHo-TriBeCa-Civic Center-Little Italy
Manhattan,061,003100,MN24,SoHo-TriBeCa-Civic Center-Little Italy
Manhattan,061,003300,MN24,SoHo-TriBeCa-Civic Center-Little Italy
Manhattan,061,003700,MN24,SoHo-TriBeCa-Civic Center-Little Italy
Manhattan,061,003900,MN24,SoHo-TriBeCa-Civic Center-Little Italy
Manhattan,061,004100,MN24,SoHo-TriBeCa-Civic Center-Little Italy
Manhattan,061,004300,MN24,SoHo-TriBeCa-Civic Center-Little Italy
Manhattan,061,004500,MN24,SoHo-TriBeCa-Civic Center-Little Italy
Manhattan,061,004700,MN24,SoHo-TriBeCa-Civic Center-Little Italy
Manhattan,061,004900,MN24,SoHo-TriBeCa-Civic Center-Little Italy
Manhattan,061,000700,MN25,Battery Park City-Lower Manhattan
Manhattan,061,000900,MN25,Battery Park City-Lower Manhattan
Manhattan,061,001300,MN25,Battery Park City-Lower Manhattan
Manhattan,061,001501,MN25,Battery Park City-Lower Manhattan
Manhattan,061,001502,MN25,Battery Park City-Lower Manhattan
Manhattan,061,031703,MN25,Battery Park City-Lower Manhattan
Manhattan,061,031704,MN25,Battery Park City-Lower Manhattan
Manhattan,061,000800,MN27,Chinatown
Manhattan,061,001600,MN27,Chinatown
Manhattan,061,001800,MN27,Chinatown
Manhattan,061,002500,MN27,Chinatown
Manhattan,061,002700,MN27,Chinatown
Manhattan,061,002900,MN27,Chinatown
Manhattan,061,003001,MN27,Chinatown
Manhattan,061,003601,MN27,Chinatown
Manhattan,061,000201,MN28,Lower East Side
Manhattan,061,000202,MN28,Lower East Side
Manhattan,061,000600,MN28,Lower East Side
Manhattan,061,001001,MN28,Lower East Side
Manhattan,061,001002,MN28,Lower East Side
Manhattan,061,001200,MN28,Lower East Side
Manhattan,061,001401,MN28,Lower East Side
Manhattan,061,001402,MN28,Lower East Side
Manhattan,061,002000,MN28,Lower East Side
Manhattan,061,002201,MN28,Lower East Side
Manhattan,061,002202,MN28,Lower East Side
Manhattan,061,002400,MN28,Lower East Side
Manhattan,061,002601,MN28,Lower East Side
Manhattan,061,002602,MN28,Lower East Side
Manhattan,061,002800,MN28,Lower East Side
Manhattan,061,010602,MN31,Lenox Hill-Roosevelt Island
Manhattan,061,011000,MN31,Lenox Hill-Roosevelt Island
Manhattan,061,011600,MN31,Lenox Hill-Roosevelt Island
Manhattan,061,011800,MN31,Lenox Hill-Roosevelt Island
Manhattan,061,012400,MN31,Lenox Hill-Roosevelt Island
Manhattan,061,012600,MN31,Lenox Hill-Roosevelt Island
Manhattan,061,013200,MN31,Lenox Hill-Roosevelt Island
Manhattan,061,013400,MN31,Lenox Hill-Roosevelt Island
Manhattan,061,023801,MN31,Lenox Hill-Roosevelt Island
Manhattan,061,023802,MN31,Lenox Hill-Roosevelt Island
Manhattan,061,013600,MN32,Yorkville
Manhattan,061,013800,MN32,Yorkville
Manhattan,061,014401,MN32,Yorkville
Manhattan,061,014402,MN32,Yorkville
Manhattan,061,014601,MN32,Yorkville
Manhattan,061,014602,MN32,Yorkville
Manhattan,061,015200,MN32,Yorkville
Manhattan,061,015400,MN32,Yorkville
Manhattan,061,015601,MN32,Yorkville
Manhattan,061,015602,MN33,East Harlem South
Manhattan,061,015802,MN33,East Harlem South
Manhattan,061,016002,MN33,East Harlem South
Manhattan,061,016200,MN33,East Harlem South
Manhattan,061,016400,MN33,East Harlem South
Manhattan,061,016600,MN33,East Harlem South
Manhattan,061,016800,MN33,East Harlem South
Manhattan,061,017000,MN33,East Harlem South
Manhattan,061,017200,MN33,East Harlem South
Manhattan,061,017401,MN33,East Harlem South
Manhattan,061,017402,MN33,East Harlem South
Manhattan,061,017800,MN34,East Harlem North
Manhattan,061,018000,MN34,East Harlem North
Manhattan,061,018200,MN34,East Harlem North
Manhattan,061,018400,MN34,East Harlem North
Manhattan,061,018800,MN34,East Harlem North
Manhattan,061,019200,MN34,East Harlem North
Manhattan,061,019400,MN34,East Harlem North
Manhattan,061,019600,MN34,East Harlem North
Manhattan,061,019800,MN34,East Harlem North
Manhattan,061,021000,MN34,East Harlem North
Manhattan,061,024200,MN34,East Harlem North
Manhattan,061,026700,MN35,Washington Heights North
Manhattan,061,026900,MN35,Washington Heights North
Manhattan,061,027100,MN35,Washington Heights North
Manhattan,061,027300,MN35,Washington Heights North
Manhattan,061,027500,MN35,Washington Heights North
Manhattan,061,027700,MN35,Washington Heights North
Manhattan,061,027900,MN35,Washington Heights North
Manhattan,061,028100,MN35,Washington Heights North
Manhattan,061,028300,MN35,Washington Heights North
Manhattan,061,028500,MN35,Washington Heights North
Manhattan,061,028700,MN35,Washington Heights North
Manhattan,061,023900,MN36,Washington Heights South
Manhattan,061,024100,MN36,Washington Heights South
Manhattan,061,024301,MN36,Washington Heights South
Manhattan,061,024500,MN36,Washington Heights South
Manhattan,061,024700,MN36,Washington Heights South
Manhattan,061,024900,MN36,Washington Heights South
Manhattan,061,025100,MN36,Washington Heights South
Manhattan,061,025300,MN36,Washington Heights South
Manhattan,061,025500,MN36,Washington Heights South
Manhattan,061,026100,MN36,Washington Heights South
Manhattan,061,026300,MN36,Washington Heights South
Manhattan,061,026500,MN36,Washington Heights South
Manhattan,061,011401,MN40,Upper East Side-Carnegie Hill
Manhattan,061,011402,MN40,Upper East Side-Carnegie Hill
Manhattan,061,012000,MN40,Upper East Side-Carnegie Hill
Manhattan,061,012200,MN40,Upper East Side-Carnegie Hill
Manhattan,061,012800,MN40,Upper East Side-Carnegie Hill
Manhattan,061,013000,MN40,Upper East Side-Carnegie Hill
Manhattan,061,014000,MN40,Upper East Side-Carnegie Hill
Manhattan,061,014200,MN40,Upper East Side-Carnegie Hill
Manhattan,061,014801,MN40,Upper East Side-Carnegie Hill
Manhattan,061,014802,MN40,Upper East Side-Carnegie Hill
Manhattan,061,015001,MN40,Upper East Side-Carnegie Hill
Manhattan,061,015002,MN40,Upper East Side-Carnegie Hill
Manhattan,061,015801,MN40,Upper East Side-Carnegie Hill
Manhattan,061,016001,MN40,Upper East Side-Carnegie Hill
Manhattan,061,004400,MN50,Stuyvesant Town-Cooper Village
Manhattan,061,006000,MN50,Stuyvesant Town-Cooper Village
Manhattan,061,000100,MN99,park-cemetery-etc-Manhattan
Manhattan,061,000500,MN99,park-cemetery-etc-Manhattan
Manhattan,061,014300,MN99,park-cemetery-etc-Manhattan
Manhattan,061,024000,MN99,park-cemetery-etc-Manhattan
Manhattan,061,029700,MN99,park-cemetery-etc-Manhattan
Manhattan,061,031100,MN99,park-cemetery-etc-Manhattan
Manhattan,061,031900,MN99,park-cemetery-etc-Manhattan
Queens,081,019400,QN01,South Jamaica
Queens,081,019600,QN01,South Jamaica
Queens,081,019800,QN01,South Jamaica
Queens,081,020200,QN01,South Jamaica
Queens,081,025400,QN01,South Jamaica
Queens,081,025800,QN01,South Jamaica
Queens,081,026000,QN01,South Jamaica
Queens,081,026200,QN01,South Jamaica
Queens,081,026400,QN01,South Jamaica
Queens,081,026600,QN01,South Jamaica
Queens,081,027000,QN01,South Jamaica
Queens,081,041400,QN01,South Jamaica
Queens,081,043400,QN01,South Jamaica
Queens,081,044000,QN01,South Jamaica
Queens,081,029400,QN02,Springfield Gardens North
Queens,081,033000,QN02,Springfield Gardens North
Queens,081,033402,QN02,Springfield Gardens North
Queens,081,030600,QN03,Springfield Gardens South-Brookville
Queens,081,032000,QN03,Springfield Gardens South-Brookville
Queens,081,068000,QN03,Springfield Gardens South-Brookville
Queens,081,069000,QN03,Springfield Gardens South-Brookville
Queens,081,069400,QN03,Springfield Gardens South-Brookville
Queens,081,061602,QN05,Rosedale
Queens,081,063800,QN05,Rosedale
Queens,081,065400,QN05,Rosedale
Queens,081,065600,QN05,Rosedale
Queens,081,066000,QN05,Rosedale
Queens,081,066400,QN05,Rosedale
Queens,081,045800,QN06,Jamaica Estates-Holliswood
Queens,081,046400,QN06,Jamaica Estates-Holliswood
Queens,081,046600,QN06,Jamaica Estates-Holliswood
Queens,081,047200,QN06,Jamaica Estates-Holliswood
Queens,081,047600,QN06,Jamaica Estates-Holliswood
Queens,081,047800,QN06,Jamaica Estates-Holliswood
Queens,081,049200,QN06,Jamaica Estates-Holliswood
Queens,081,127700,QN06,Jamaica Estates-Holliswood
Queens,081,048200,QN07,Hollis
Queens,081,048400,QN07,Hollis
Queens,081,050000,QN07,Hollis
Queens,081,050201,QN07,Hollis
Queens,081,050202,QN07,Hollis
Queens,081,050400,QN07,Hollis
Queens,081,050600,QN07,Hollis
Queens,081,050800,QN07,Hollis
Queens,081,051000,QN07,Hollis
Queens,081,028000,QN08,St. Albans
Queens,081,028200,QN08,St. Albans
Queens,081,033401,QN08,St. Albans
Queens,081,035200,QN08,St. Albans
Queens,081,036600,QN08,St. Albans
Queens,081,036800,QN08,St. Albans
Queens,081,037600,QN08,St. Albans
Queens,081,038400,QN08,St. Albans
Queens,081,039400,QN08,St. Albans
Queens,081,039800,QN08,St. Albans
Queens,081,040000,QN08,St. Albans
Queens,081,040200,QN08,St. Albans
Queens,081,040400,QN08,St. Albans
Queens,081,042400,QN08,St. Albans
Queens,081,042600,QN08,St. Albans
Queens,081,043200,QN08,St. Albans
Queens,081,051800,QN08,St. Albans
Queens,081,052000,QN08,St. Albans
Queens,081,052200,QN08,St. Albans
Queens,081,052400,QN08,St. Albans
Queens,081,052600,QN08,St. Albans
Queens,081,052800,QN08,St. Albans
Queens,081,053000,QN08,St. Albans
Queens,081,091601,QN10,Breezy Point-Belle Harbor-Rockaway Park-Broad Channel
Queens,081,092200,QN10,Breezy Point-Belle Harbor-Rockaway Park-Broad Channel
Queens,081,092800,QN10,Breezy Point-Belle Harbor-Rockaway Park-Broad Channel
Queens,081,093401,QN10,Breezy Point-Belle Harbor-Rockaway Park-Broad Channel
Queens,081,093402,QN10,Breezy Point-Belle Harbor-Rockaway Park-Broad Channel
Queens,081,093800,QN10,Breezy Point-Belle Harbor-Rockaway Park-Broad Channel
Queens,081,094201,QN10,Breezy Point-Belle Harbor-Rockaway Park-Broad Channel
Queens,081,107201,QN10,Breezy Point-Belle Harbor-Rockaway Park-Broad Channel
Queens,081,094202,QN12,Hammels-Arverne-Edgemere
Queens,081,094203,QN12,Hammels-Arverne-Edgemere
Queens,081,095400,QN12,Hammels-Arverne-Edgemere
Queens,081,096400,QN12,Hammels-Arverne-Edgemere
Queens,081,097202,QN12,Hammels-Arverne-Edgemere
Queens,081,097203,QN12,Hammels-Arverne-Edgemere
Queens,081,097204,QN12,Hammels-Arverne-Edgemere
Queens,081,099200,QN12,Hammels-Arverne-Edgemere
Queens,081,099801,QN15,Far Rockaway-Bayswater
Queens,081,099802,QN15,Far Rockaway-Bayswater
Queens,081,100801,QN15,Far Rockaway-Bayswater
Queens,081,100802,QN15,Far Rockaway-Bayswater
Queens,081,101001,QN15,Far Rockaway-Bayswater
Queens,081,101002,QN15,Far Rockaway-Bayswater
Queens,081,103201,QN15,Far Rockaway-Bayswater
Queens,081,103202,QN15,Far Rockaway-Bayswater
Queens,081,064500,QN17,Forest Hills
Queens,081,070700,QN17,Forest Hills
Queens,081,070900,QN17,Forest Hills
Queens,081,071100,QN17,Forest Hills
Queens,081,071303,QN17,Forest Hills
Queens,081,071304,QN17,Forest Hills
Queens,081,071305,QN17,Forest Hills
Queens,081,071306,QN17,Forest Hills
Queens,081,071900,QN17,Forest Hills
Queens,081,072100,QN17,Forest Hills
Queens,081,072300,QN17,Forest Hills
Queens,081,072900,QN17,Forest Hills
Queens,081,073100,QN17,Forest Hills
Queens,081,073700,QN17,Forest Hills
Queens,081,073900,QN17,Forest Hills
Queens,081,074100,QN17,Forest Hills
Queens,081,074300,QN17,Forest Hills
Queens,081,074500,QN17,Forest Hills
Queens,081,074700,QN17,Forest Hills
Queens,081,074900,QN17,Forest Hills
Queens,081,075701,QN17,Forest Hills
Queens,081,075702,QN17,Forest Hills
Queens,081,076901,QN17,Forest Hills
Queens,081,076902,QN17,Forest Hills
Queens,081,068700,QN18,Rego Park
Queens,081,069300,QN18,Rego Park
Queens,081,069500,QN18,Rego Park
Queens,081,069701,QN18,Rego Park
Queens,081,069702,QN18,Rego Park
Queens,081,070300,QN18,Rego Park
Queens,081,071701,QN18,Rego Park
Queens,081,071702,QN18,Rego Park
Queens,081,056500,QN19,Glendale
Queens,081,056700,QN19,Glendale
Queens,081,057700,QN19,Glendale
Queens,081,057900,QN19,Glendale
Queens,081,062300,QN19,Glendale
Queens,081,062500,QN19,Glendale
Queens,081,062700,QN19,Glendale
Queens,081,062900,QN19,Glendale
Queens,081,063301,QN19,Glendale
Queens,081,063302,QN19,Glendale
Queens,081,063500,QN19,Glendale
Queens,081,063700,QN19,Glendale
Queens,081,063900,QN19,Glendale
Queens,081,053900,QN20,Ridgewood
Queens,081,054500,QN20,Ridgewood
Queens,081,054700,QN20,Ridgewood
Queens,081,054900,QN20,Ridgewood
Queens,081,055100,QN20,Ridgewood
Queens,081,055300,QN20,Ridgewood
Queens,081,055500,QN20,Ridgewood
Queens,081,055700,QN20,Ridgewood
Queens,081,055900,QN20,Ridgewood
Queens,081,058100,QN20,Ridgewood
Queens,081,058300,QN20,Ridgewood
Queens,081,058500,QN20,Ridgewood
Queens,081,058700,QN20,Ridgewood
Queens,081,058900,QN20,Ridgewood
Queens,081,059100,QN20,Ridgewood
Queens,081,059300,QN20,Ridgewood
Queens,081,059500,QN20,Ridgewood
Queens,081,061301,QN20,Ridgewood
Queens,081,061302,QN20,Ridgewood
Queens,081,050500,QN21,Middle Village
Queens,081,050700,QN21,Middle Village
Queens,081,060300,QN21,Middle Village
Queens,081,060701,QN21,Middle Village
Queens,081,061900,QN21,Middle Village
Queens,081,062100,QN21,Middle Village
Queens,081,065501,QN21,Middle Village
Queens,081,065702,QN21,Middle Village
Queens,081,065703,QN21,Middle Village
Queens,081,065900,QN21,Middle Village
Queens,081,066100,QN21,Middle Village
Queens,081,066300,QN21,Middle Village
Queens,081,066501,QN21,Middle Village
Queens,081,066701,QN21,Middle Village
Queens,081,066900,QN21,Middle Village
Queens,081,067100,QN21,Middle Village
Queens,081,067700,QN21,Middle Village
Queens,081,067900,QN21,Middle Village
Queens,081,079701,QN22,Flushing
Queens,081,079702,QN22,Flushing
Queens,081,084500,QN22,Flushing
Queens,081,084900,QN22,Flushing
Queens,081,085300,QN22,Flushing
Queens,081,085500,QN22,Flushing
Queens,081,085700,QN22,Flushing
Queens,081,085900,QN22,Flushing
Queens,081,086500,QN22,Flushing
Queens,081,086900,QN22,Flushing
Queens,081,087100,QN22,Flushing
Queens,081,088901,QN22,Flushing
Queens,081,116100,QN22,Flushing
Queens,081,090700,QN23,College Point
Queens,081,091900,QN23,College Point
Queens,081,092500,QN23,College Point
Queens,081,092900,QN23,College Point
Queens,081,093900,QN23,College Point
Queens,081,094700,QN23,College Point
Queens,081,039900,QN25,Corona
Queens,081,041100,QN25,Corona
Queens,081,041300,QN25,Corona
Queens,081,041500,QN25,Corona
Queens,081,042700,QN25,Corona
Queens,081,043701,QN25,Corona
Queens,081,043702,QN25,Corona
Queens,081,043900,QN25,Corona
Queens,081,044301,QN25,Corona
Queens,081,044302,QN25,Corona
Queens,081,045500,QN25,Corona
Queens,081,037500,QN26,North Corona
Queens,081,037700,QN26,North Corona
Queens,081,037900,QN26,North Corona
Queens,081,038100,QN26,North Corona
Queens,081,040100,QN26,North Corona
Queens,081,040300,QN26,North Corona
Queens,081,040500,QN26,North Corona
Queens,081,040700,QN26,North Corona
Queens,081,040900,QN26,North Corona
Queens,081,035300,QN27,East Elmhurst
Queens,081,035700,QN27,East Elmhurst
Queens,081,036100,QN27,East Elmhurst
Queens,081,036300,QN27,East Elmhurst
Queens,081,036500,QN27,East Elmhurst
Queens,081,036700,QN27,East Elmhurst
Queens,081,037100,QN27,East Elmhurst
Queens,081,037300,QN27,East Elmhurst
Queens,081,027300,QN28,Jackson Heights
Queens,081,027500,QN28,Jackson Heights
Queens,081,027700,QN28,Jackson Heights
Queens,081,027900,QN28,Jackson Heights
Queens,081,028100,QN28,Jackson Heights
Queens,081,028300,QN28,Jackson Heights
Queens,081,028500,QN28,Jackson Heights
Queens,081,028700,QN28,Jackson Heights
Queens,081,028900,QN28,Jackson Heights
Queens,081,029100,QN28,Jackson Heights
Queens,081,030902,QN28,Jackson Heights
Queens,081,030903,QN28,Jackson Heights
Queens,081,030904,QN28,Jackson Heights
Queens,081,032700,QN28,Jackson Heights
Queens,081,032900,QN28,Jackson Heights
Queens,081,033700,QN28,Jackson Heights
Queens,081,033900,QN28,Jackson Heights
Queens,081,034700,QN28,Jackson Heights
Queens,081,035100,QN28,Jackson Heights
Queens,081,026700,QN29,Elmhurst
Queens,081,026901,QN29,Elmhurst
Queens,081,026902,QN29,Elmhurst
Queens,081,027100,QN29,Elmhurst
Queens,081,045700,QN29,Elmhurst
Queens,081,045900,QN29,Elmhurst
Queens,081,046100,QN29,Elmhurst
Queens,081,046300,QN29,Elmhurst
Queens,081,046500,QN29,Elmhurst
Queens,081,046700,QN29,Elmhurst
Queens,081,046900,QN29,Elmhurst
Queens,081,047100,QN29,Elmhurst
Queens,081,047300,QN29,Elmhurst
Queens,081,047500,QN29,Elmhurst
Queens,081,048100,QN29,Elmhurst
Queens,081,049900,QN29,Elmhurst
Queens,081,068300,QN29,Elmhurst
Queens,081,049301,QN30,Maspeth
Queens,081,049302,QN30,Maspeth
Queens,081,049500,QN30,Maspeth
Queens,081,049700,QN30,Maspeth
Queens,081,051100,QN30,Maspeth
Queens,081,051300,QN30,Maspeth
Queens,081,051500,QN30,Maspeth
Queens,081,051700,QN30,Maspeth
Queens,081,052100,QN30,Maspeth
Queens,081,052500,QN30,Maspeth
Queens,081,053100,QN30,Maspeth
Queens,081,053500,QN30,Maspeth
Queens,081,059900,QN30,Maspeth
Queens,081,060100,QN30,Maspeth
Queens,081,000100,QN31,Hunters Point-Sunnyside-West Maspeth
Queens,081,000700,QN31,Hunters Point-Sunnyside-West Maspeth
Queens,081,001900,QN31,Hunters Point-Sunnyside-West Maspeth
Queens,081,016900,QN31,Hunters Point-Sunnyside-West Maspeth
Queens,081,017100,QN31,Hunters Point-Sunnyside-West Maspeth
Queens,081,017900,QN31,Hunters Point-Sunnyside-West Maspeth
Queens,081,018101,QN31,Hunters Point-Sunnyside-West Maspeth
Queens,081,018102,QN31,Hunters Point-Sunnyside-West Maspeth
Queens,081,018300,QN31,Hunters Point-Sunnyside-West Maspeth
Queens,081,018501,QN31,Hunters Point-Sunnyside-West Maspeth
Queens,081,018502,QN31,Hunters Point-Sunnyside-West Maspeth
Queens,081,018700,QN31,Hunters Point-Sunnyside-West Maspeth
Queens,081,018900,QN31,Hunters Point-Sunnyside-West Maspeth
Queens,081,019900,QN31,Hunters Point-Sunnyside-West Maspeth
Queens,081,020500,QN31,Hunters Point-Sunnyside-West Maspeth
Queens,081,021900,QN31,Hunters Point-Sunnyside-West Maspeth
Queens,081,023500,QN31,Hunters Point-Sunnyside-West Maspeth
Queens,081,025301,QN31,Hunters Point-Sunnyside-West Maspeth
Queens,081,025302,QN31,Hunters Point-Sunnyside-West Maspeth
Queens,081,053401,QN33,Cambria Heights
Queens,081,059000,QN33,Cambria Heights
Queens,081,059200,QN33,Cambria Heights
Queens,081,059400,QN33,Cambria Heights
Queens,081,059600,QN33,Cambria Heights
Queens,081,059800,QN33,Cambria Heights
Queens,081,060000,QN33,Cambria Heights
Queens,081,060600,QN33,Cambria Heights
Queens,081,060800,QN33,Cambria Heights
Queens,081,061000,QN33,Cambria Heights
Queens,081,061200,QN33,Cambria Heights
Queens,081,061400,QN33,Cambria Heights
Queens,081,062200,QN33,Cambria Heights
Queens,081,049600,QN34,Queens Village
Queens,081,051200,QN34,Queens Village
Queens,081,051600,QN34,Queens Village
Queens,081,053200,QN34,Queens Village
Queens,081,053601,QN34,Queens Village
Queens,081,053800,QN34,Queens Village
Queens,081,054000,QN34,Queens Village
Queens,081,054200,QN34,Queens Village
Queens,081,054800,QN34,Queens Village
Queens,081,055200,QN34,Queens Village
Queens,081,055400,QN34,Queens Village
Queens,081,055600,QN34,Queens Village
Queens,081,055800,QN34,Queens Village
Queens,081,056000,QN34,Queens Village
Queens,081,056200,QN34,Queens Village
Queens,081,056400,QN34,Queens Village
Queens,081,056600,QN34,Queens Village
Queens,081,056800,QN34,Queens Village
Queens,081,058000,QN34,Queens Village
Queens,081,058200,QN34,Queens Village
Queens,081,021400,QN35,Briarwood-Jamaica Hills
Queens,081,022001,QN35,Briarwood-Jamaica Hills
Queens,081,022002,QN35,Briarwood-Jamaica Hills
Queens,081,023000,QN35,Briarwood-Jamaica Hills
Queens,081,023200,QN35,Briarwood-Jamaica Hills
Queens,081,023600,QN35,Briarwood-Jamaica Hills
Queens,081,044800,QN35,Briarwood-Jamaica Hills
Queens,081,045000,QN35,Briarwood-Jamaica Hills
Queens,081,045200,QN35,Briarwood-Jamaica Hills
Queens,081,045400,QN35,Briarwood-Jamaica Hills
Queens,081,045600,QN35,Briarwood-Jamaica Hills
Queens,081,077902,QN37,Kew Gardens Hills
Queens,081,077903,QN37,Kew Gardens Hills
Queens,081,077904,QN37,Kew Gardens Hills
Queens,081,077905,QN37,Kew Gardens Hills
Queens,081,077906,QN37,Kew Gardens Hills
Queens,081,077907,QN37,Kew Gardens Hills
Queens,081,077908,QN37,Kew Gardens Hills
Queens,081,080900,QN37,Kew Gardens Hills
Queens,081,125700,QN37,Kew Gardens Hills
Queens,081,122300,QN38,Pomonok-Flushing Heights-Hillcrest
Queens,081,122701,QN38,Pomonok-Flushing Heights-Hillcrest
Queens,081,122702,QN38,Pomonok-Flushing Heights-Hillcrest
Queens,081,124100,QN38,Pomonok-Flushing Heights-Hillcrest
Queens,081,124700,QN38,Pomonok-Flushing Heights-Hillcrest
Queens,081,126500,QN38,Pomonok-Flushing Heights-Hillcrest
Queens,081,126700,QN38,Pomonok-Flushing Heights-Hillcrest
Queens,081,133300,QN41,Fresh Meadows-Utopia
Queens,081,133900,QN41,Fresh Meadows-Utopia
Queens,081,134100,QN41,Fresh Meadows-Utopia
Queens,081,134700,QN41,Fresh Meadows-Utopia
Queens,081,129102,QN42,Oakland Gardens
Queens,081,129103,QN42,Oakland Gardens
Queens,081,129104,QN42,Oakland Gardens
Queens,081,136700,QN42,Oakland Gardens
Queens,081,137700,QN42,Oakland Gardens
Queens,081,138501,QN42,Oakland Gardens
Queens,081,130100,QN43,Bellerose
Queens,081,156700,QN43,Bellerose
Queens,081,157101,QN43,Bellerose
Queens,081,157102,QN43,Bellerose
Queens,081,161700,QN43,Bellerose
Queens,081,162100,QN43,Bellerose
Queens,081,155101,QN44,Glen Oaks-Floral Park-New Hyde Park
Queens,081,155102,QN44,Glen Oaks-Floral Park-New Hyde Park
Queens,081,157901,QN44,Glen Oaks-Floral Park-New Hyde Park
Queens,081,157902,QN44,Glen Oaks-Floral Park-New Hyde Park
Queens,081,157903,QN44,Glen Oaks-Floral Park-New Hyde Park
Queens,081,147900,QN45,Douglas Manor-Douglaston-Little Neck
Queens,081,148300,QN45,Douglas Manor-Douglaston-Little Neck
Queens,081,150701,QN45,Douglas Manor-Douglaston-Little Neck
Queens,081,150702,QN45,Douglas Manor-Douglaston-Little Neck
Queens,081,152901,QN45,Douglas Manor-Douglaston-Little Neck
Queens,081,152902,QN45,Douglas Manor-Douglaston-Little Neck
Queens,081,108500,QN46,Bayside-Bayside Hills
Queens,081,109300,QN46,Bayside-Bayside Hills
Queens,081,109700,QN46,Bayside-Bayside Hills
Queens,081,109900,QN46,Bayside-Bayside Hills
Queens,081,111300,QN46,Bayside-Bayside Hills
Queens,081,112300,QN46,Bayside-Bayside Hills
Queens,081,112900,QN46,Bayside-Bayside Hills
Queens,081,113300,QN46,Bayside-Bayside Hills
Queens,081,139900,QN46,Bayside-Bayside Hills
Queens,081,140300,QN46,Bayside-Bayside Hills
Queens,081,140901,QN46,Bayside-Bayside Hills
Queens,081,143500,QN46,Bayside-Bayside Hills
Queens,081,144100,QN46,Bayside-Bayside Hills
Queens,081,144700,QN46,Bayside-Bayside Hills
Queens,081,145102,QN46,Bayside-Bayside Hills
Queens,081,146300,QN46,Bayside-Bayside Hills
Queens,081,146700,QN46,Bayside-Bayside Hills
Queens,081,147100,QN46,Bayside-Bayside Hills
Queens,081,099701,QN47,Ft. Totten-Bay Terrace-Clearview
Queens,081,099703,QN47,Ft. Totten-Bay Terrace-Clearview
Queens,081,099704,QN47,Ft. Totten-Bay Terrace-Clearview
Queens,081,099705,QN47,Ft. Totten-Bay Terrace-Clearview
Queens,081,099900,QN47,Ft. Totten-Bay Terrace-Clearview
Queens,081,101700,QN47,Ft. Totten-Bay Terrace-Clearview
Queens,081,113900,QN48,Auburndale
Queens,081,118100,QN48,Auburndale
Queens,081,140902,QN48,Auburndale
Queens,081,141700,QN48,Auburndale
Queens,081,142900,QN48,Auburndale
Queens,081,145101,QN48,Auburndale
Queens,081,145900,QN48,Auburndale
Queens,081,103300,QN49,Whitestone
Queens,081,094500,QN49,Whitestone
Queens,081,097300,QN49,Whitestone
Queens,081,098100,QN49,Whitestone
Queens,081,098700,QN49,Whitestone
Queens,081,099100,QN49,Whitestone
Queens,081,102900,QN49,Whitestone
Queens,081,103900,QN49,Whitestone
Queens,081,024300,QN50,Elmhurst-Maspeth
Queens,081,026500,QN50,Elmhurst-Maspeth
Queens,081,047900,QN50,Elmhurst-Maspeth
Queens,081,048300,QN50,Elmhurst-Maspeth
Queens,081,048500,QN50,Elmhurst-Maspeth
Queens,081,048900,QN50,Elmhurst-Maspeth
Queens,081,086300,QN51,Murray Hill
Queens,081,104700,QN51,Murray Hill
Queens,081,105900,QN51,Murray Hill
Queens,081,114100,QN51,Murray Hill
Queens,081,114700,QN51,Murray Hill
Queens,081,115100,QN51,Murray Hill
Queens,081,115500,QN51,Murray Hill
Queens,081,115700,QN51,Murray Hill
Queens,081,115900,QN51,Murray Hill
Queens,081,116300,QN51,Murray Hill
Queens,081,116700,QN51,Murray Hill
Queens,081,117100,QN51,Murray Hill
Queens,081,117500,QN51,Murray Hill
Queens,081,086100,QN52,East Flushing
Queens,081,118500,QN52,East Flushing
Queens,081,118700,QN52,East Flushing
Queens,081,118900,QN52,East Flushing
Queens,081,119100,QN52,East Flushing
Queens,081,119300,QN52,East Flushing
Queens,081,119500,QN52,East Flushing
Queens,081,119900,QN52,East Flushing
Queens,081,120100,QN52,East Flushing
Queens,081,120300,QN52,East Flushing
Queens,081,120500,QN52,East Flushing
Queens,081,120700,QN52,East Flushing
Queens,081,000200,QN53,Woodhaven
Queens,081,000400,QN53,Woodhaven
Queens,081,000600,QN53,Woodhaven
Queens,081,000800,QN53,Woodhaven
Queens,081,001000,QN53,Woodhaven
Queens,081,001200,QN53,Woodhaven
Queens,081,001400,QN53,Woodhaven
Queens,081,001600,QN53,Woodhaven
Queens,081,001800,QN53,Woodhaven
Queens,081,002000,QN53,Woodhaven
Queens,081,002200,QN53,Woodhaven
Queens,081,003000,QN53,Woodhaven
Queens,081,003200,QN53,Woodhaven
Queens,081,003400,QN53,Woodhaven
Queens,081,003600,QN53,Woodhaven
Queens,081,003800,QN53,Woodhaven
Queens,081,004001,QN53,Woodhaven
Queens,081,004200,QN53,Woodhaven
Queens,081,005200,QN53,Woodhaven
Queens,081,064101,QN53,Woodhaven
Queens,081,002400,QN54,Richmond Hill
Queens,081,002600,QN54,Richmond Hill
Queens,081,002800,QN54,Richmond Hill
Queens,081,010800,QN54,Richmond Hill
Queens,081,011000,QN54,Richmond Hill
Queens,081,011200,QN54,Richmond Hill
Queens,081,011400,QN54,Richmond Hill
Queens,081,011600,QN54,Richmond Hill
Queens,081,011800,QN54,Richmond Hill
Queens,081,012000,QN54,Richmond Hill
Queens,081,012200,QN54,Richmond Hill
Queens,081,012400,QN54,Richmond Hill
Queens,081,012601,QN54,Richmond Hill
Queens,081,012602,QN54,Richmond Hill
Queens,081,012800,QN54,Richmond Hill
Queens,081,013000,QN54,Richmond Hill
Queens,081,013200,QN54,Richmond Hill
Queens,081,014201,QN54,Richmond Hill
Queens,081,014202,QN54,Richmond Hill
Queens,081,014400,QN54,Richmond Hill
Queens,081,014800,QN54,Richmond Hill
Queens,081,015000,QN54,Richmond Hill
Queens,081,015200,QN54,Richmond Hill
Queens,081,015400,QN54,Richmond Hill
Queens,081,015600,QN54,Richmond Hill
Queens,081,009400,QN55,South Ozone Park
Queens,081,009600,QN55,South Ozone Park
Queens,081,009800,QN55,South Ozone Park
Queens,081,010000,QN55,South Ozone Park
Queens,081,010200,QN55,South Ozone Park
Queens,081,010400,QN55,South Ozone Park
Queens,081,010600,QN55,South Ozone Park
Queens,081,015801,QN55,South Ozone Park
Queens,081,015802,QN55,South Ozone Park
Queens,081,016400,QN55,South Ozone Park
Queens,081,016600,QN55,South Ozone Park
Queens,081,016800,QN55,South Ozone Park
Queens,081,017000,QN55,South Ozone Park
Queens,081,017200,QN55,South Ozone Park
Queens,081,017400,QN55,South Ozone Park
Queens,081,017600,QN55,South Ozone Park
Queens,081,017800,QN55,South Ozone Park
Queens,081,018000,QN55,South Ozone Park
Queens,081,081400,QN55,South Ozone Park
Queens,081,081800,QN55,South Ozone Park
Queens,081,083800,QN55,South Ozone Park
Queens,081,084000,QN55,South Ozone Park
Queens,081,084601,QN55,South Ozone Park
Queens,081,084602,QN55,South Ozone Park
Queens,081,086400,QN55,South Ozone Park
Queens,081,004002,QN56,Ozone Park
Queens,081,004401,QN56,Ozone Park
Queens,081,005000,QN56,Ozone Park
Queens,081,005400,QN56,Ozone Park
Queens,081,005800,QN56,Ozone Park
Queens,081,008600,QN56,Ozone Park
Queens,081,008800,QN56,Ozone Park
Queens,081,006201,QN57,Lindenwood-Howard Beach
Queens,081,006202,QN57,Lindenwood-Howard Beach
Queens,081,088400,QN57,Lindenwood-Howard Beach
Queens,081,089200,QN57,Lindenwood-Howard Beach
Queens,081,013400,QN60,Kew Gardens
Queens,081,013600,QN60,Kew Gardens
Queens,081,013800,QN60,Kew Gardens
Queens,081,014000,QN60,Kew Gardens
Queens,081,021600,QN60,Kew Gardens
Queens,081,077300,QN60,Kew Gardens
Queens,081,077500,QN60,Kew Gardens
Queens,081,020400,QN61,Jamaica
Queens,081,020600,QN61,Jamaica
Queens,081,020800,QN61,Jamaica
Queens,081,021200,QN61,Jamaica
Queens,081,023800,QN61,Jamaica
Queens,081,024000,QN61,Jamaica
Queens,081,024600,QN61,Jamaica
Queens,081,044400,QN61,Jamaica
Queens,081,044601,QN61,Jamaica
Queens,081,044602,QN61,Jamaica
Queens,081,046000,QN61,Jamaica
Queens,081,046200,QN61,Jamaica
Queens,081,046800,QN61,Jamaica
Queens,081,047000,QN61,Jamaica
Queens,081,048000,QN61,Jamaica
Queens,081,079900,QN62,Queensboro Hill
Queens,081,080301,QN62,Queensboro Hill
Queens,081,080302,QN62,Queensboro Hill
Queens,081,083700,QN62,Queensboro Hill
Queens,081,121500,QN62,Queensboro Hill
Queens,081,024500,QN63,Woodside
Queens,081,024700,QN63,Woodside
Queens,081,024900,QN63,Woodside
Queens,081,025100,QN63,Woodside
Queens,081,025500,QN63,Woodside
Queens,081,025700,QN63,Woodside
Queens,081,025900,QN63,Woodside
Queens,081,026100,QN63,Woodside
Queens,081,026300,QN63,Woodside
Queens,081,029300,QN63,Woodside
Queens,081,029500,QN63,Woodside
Queens,081,029700,QN63,Woodside
Queens,081,032800,QN66,Laurelton
Queens,081,035800,QN66,Laurelton
Queens,081,061601,QN66,Laurelton
Queens,081,061800,QN66,Laurelton
Queens,081,062000,QN66,Laurelton
Queens,081,062600,QN66,Laurelton
Queens,081,063000,QN66,Laurelton
Queens,081,063200,QN66,Laurelton
Queens,081,064600,QN66,Laurelton
Queens,081,065000,QN66,Laurelton
Queens,081,068200,QN66,Laurelton
Queens,081,002500,QN68,Queensbridge-Ravenswood-Long Island City
Queens,081,003100,QN68,Queensbridge-Ravenswood-Long Island City
Queens,081,003300,QN68,Queensbridge-Ravenswood-Long Island City
Queens,081,003700,QN68,Queensbridge-Ravenswood-Long Island City
Queens,081,003900,QN68,Queensbridge-Ravenswood-Long Island City
Queens,081,004300,QN68,Queensbridge-Ravenswood-Long Island City
Queens,081,005100,QN68,Queensbridge-Ravenswood-Long Island City
Queens,081,005500,QN68,Queensbridge-Ravenswood-Long Island City
Queens,081,008500,QN68,Queensbridge-Ravenswood-Long Island City
Queens,081,004500,QN70,Astoria
Queens,081,004700,QN70,Astoria
Queens,081,005300,QN70,Astoria
Queens,081,005700,QN70,Astoria
Queens,081,005900,QN70,Astoria
Queens,081,006100,QN70,Astoria
Queens,081,006300,QN70,Astoria
Queens,081,006501,QN70,Astoria
Queens,081,006502,QN70,Astoria
Queens,081,007500,QN70,Astoria
Queens,081,007700,QN70,Astoria
Queens,081,014100,QN70,Astoria
Queens,081,014300,QN70,Astoria
Queens,081,014500,QN70,Astoria
Queens,081,014700,QN70,Astoria
Queens,081,014900,QN70,Astoria
Queens,081,015100,QN70,Astoria
Queens,081,015300,QN70,Astoria
Queens,081,015500,QN70,Astoria
Queens,081,015700,QN70,Astoria
Queens,081,015900,QN70,Astoria
Queens,081,016100,QN70,Astoria
Queens,081,016300,QN70,Astoria
Queens,081,006900,QN71,Old Astoria
Queens,081,007100,QN71,Old Astoria
Queens,081,007300,QN71,Old Astoria
Queens,081,007900,QN71,Old Astoria
Queens,081,008100,QN71,Old Astoria
Queens,081,008300,QN71,Old Astoria
Queens,081,008700,QN71,Old Astoria
Queens,081,009100,QN71,Old Astoria
Queens,081,009500,QN72,Steinway
Queens,081,009700,QN72,Steinway
Queens,081,010100,QN72,Steinway
Queens,081,010300,QN72,Steinway
Queens,081,010500,QN72,Steinway
Queens,081,010701,QN72,Steinway
Queens,081,011100,QN72,Steinway
Queens,081,011300,QN72,Steinway
Queens,081,011500,QN72,Steinway
Queens,081,011700,QN72,Steinway
Queens,081,011900,QN72,Steinway
Queens,081,012100,QN72,Steinway
Queens,081,012301,QN72,Steinway
Queens,081,012500,QN72,Steinway
Queens,081,013500,QN72,Steinway
Queens,081,013700,QN72,Steinway
Queens,081,031700,QN72,Steinway
Queens,081,018200,QN76,Baisley Park
Queens,081,018401,QN76,Baisley Park
Queens,081,018402,QN76,Baisley Park
Queens,081,018600,QN76,Baisley Park
Queens,081,018800,QN76,Baisley Park
Queens,081,019000,QN76,Baisley Park
Queens,081,019200,QN76,Baisley Park
Queens,081,027200,QN76,Baisley Park
Queens,081,027400,QN76,Baisley Park
Queens,081,027600,QN76,Baisley Park
Queens,081,027800,QN76,Baisley Park
Queens,081,028400,QN76,Baisley Park
Queens,081,028800,QN76,Baisley Park
Queens,081,078800,QN76,Baisley Park
Queens,081,079000,QN76,Baisley Park
Queens,081,079200,QN76,Baisley Park
Queens,081,033100,QN98,Airport
Queens,081,071600,QN98,Airport
Queens,081,009900,QN99,park-cemetery-etc-Queens
Queens,081,022900,QN99,park-cemetery-etc-Queens
Queens,081,029900,QN99,park-cemetery-etc-Queens
Queens,081,038301,QN99,park-cemetery-etc-Queens
Queens,081,038302,QN99,park-cemetery-etc-Queens
Queens,081,056100,QN99,park-cemetery-etc-Queens
Queens,081,062400,QN99,park-cemetery-etc-Queens
Queens,081,064102,QN99,park-cemetery-etc-Queens
Queens,081,079300,QN99,park-cemetery-etc-Queens
Queens,081,091602,QN99,park-cemetery-etc-Queens
Queens,081,091800,QN99,park-cemetery-etc-Queens
Queens,081,107202,QN99,park-cemetery-etc-Queens
Queens,081,121100,QN99,park-cemetery-etc-Queens
Queens,081,128300,QN99,park-cemetery-etc-Queens
Queens,081,138502,QN99,park-cemetery-etc-Queens
Queens,081,990100,QN99,park-cemetery-etc-Queens
Staten Island,085,015602,SI01,Annadale-Huguenot-Prince's Bay-Eltingville
Staten Island,085,017005,SI01,Annadale-Huguenot-Prince's Bay-Eltingville
Staten Island,085,017011,SI01,Annadale-Huguenot-Prince's Bay-Eltingville
Staten Island,085,017012,SI01,Annadale-Huguenot-Prince's Bay-Eltingville
Staten Island,085,017600,SI01,Annadale-Huguenot-Prince's Bay-Eltingville
Staten Island,085,019800,SI01,Annadale-Huguenot-Prince's Bay-Eltingville
Staten Island,085,017300,SI05,New Springville-Bloomfield-Travis
Staten Island,085,018702,SI05,New Springville-Bloomfield-Travis
Staten Island,085,018902,SI05,New Springville-Bloomfield-Travis
Staten Island,085,022800,SI05,New Springville-Bloomfield-Travis
Staten Island,085,027301,SI05,New Springville-Bloomfield-Travis
Staten Island,085,027302,SI05,New Springville-Bloomfield-Travis
Staten Island,085,029102,SI05,New Springville-Bloomfield-Travis
Staten Island,085,029103,SI05,New Springville-Bloomfield-Travis
Staten Island,085,029104,SI05,New Springville-Bloomfield-Travis
Staten Island,085,014700,SI07,Westerleigh
Staten Island,085,015100,SI07,Westerleigh
Staten Island,085,016901,SI07,Westerleigh
Staten Island,085,018701,SI07,Westerleigh
Staten Island,085,018901,SI07,Westerleigh
Staten Island,085,019700,SI07,Westerleigh
Staten Island,085,020100,SI07,Westerleigh
Staten Island,085,003300,SI08,Grymes Hill-Clifton-Fox Hills
Staten Island,085,003900,SI08,Grymes Hill-Clifton-Fox Hills
Staten Island,085,004000,SI08,Grymes Hill-Clifton-Fox Hills
Staten Island,085,004700,SI08,Grymes Hill-Clifton-Fox Hills
Staten Island,085,022600,SI11,Charleston-Richmond Valley-Tottenville
Staten Island,085,024401,SI11,Charleston-Richmond Valley-Tottenville
Staten Island,085,024402,SI11,Charleston-Richmond Valley-Tottenville
Staten Island,085,024800,SI11,Charleston-Richmond Valley-Tottenville
Staten Island,085,022300,SI12,Mariner's Harbor-Arlington-Port Ivory-Graniteville
Staten Island,085,023100,SI12,Mariner's Harbor-Arlington-Port Ivory-Graniteville
Staten Island,085,023900,SI12,Mariner's Harbor-Arlington-Port Ivory-Graniteville
Staten Island,085,030301,SI12,Mariner's Harbor-Arlington-Port Ivory-Graniteville
Staten Island,085,030302,SI12,Mariner's Harbor-Arlington-Port Ivory-Graniteville
Staten Island,085,031901,SI12,Mariner's Harbor-Arlington-Port Ivory-Graniteville
Staten Island,085,031902,SI12,Mariner's Harbor-Arlington-Port Ivory-Graniteville
Staten Island,085,032300,SI12,Mariner's Harbor-Arlington-Port Ivory-Graniteville
Staten Island,085,001800,SI14,Grasmere-Arrochar-Ft. Wadsworth
Staten Island,085,002002,SI14,Grasmere-Arrochar-Ft. Wadsworth
Staten Island,085,005000,SI14,Grasmere-Arrochar-Ft. Wadsworth
Staten Island,085,006400,SI14,Grasmere-Arrochar-Ft. Wadsworth
Staten Island,085,007400,SI14,Grasmere-Arrochar-Ft. Wadsworth
Staten Island,085,000300,SI22,West New Brighton-New Brighton-St. George
Staten Island,085,000700,SI22,West New Brighton-New Brighton-St. George
Staten Island,085,000900,SI22,West New Brighton-New Brighton-St. George
Staten Island,085,001100,SI22,West New Brighton-New Brighton-St. George
Staten Island,085,007700,SI22,West New Brighton-New Brighton-St. George
Staten Island,085,008100,SI22,West New Brighton-New Brighton-St. George
Staten Island,085,008900,SI22,West New Brighton-New Brighton-St. George
Staten Island,085,009700,SI22,West New Brighton-New Brighton-St. George
Staten Island,085,012500,SI22,West New Brighton-New Brighton-St. George
Staten Island,085,013301,SI22,West New Brighton-New Brighton-St. George
Staten Island,085,013302,SI22,West New Brighton-New Brighton-St. George
Staten Island,085,014100,SI22,West New Brighton-New Brighton-St. George
Staten Island,085,017700,SI24,Todt Hill-Emerson Hill-Heartland Village-Lighthouse Hill
Staten Island,085,018100,SI24,Todt Hill-Emerson Hill-Heartland Village-Lighthouse Hill
Staten Island,085,027702,SI24,Todt Hill-Emerson Hill-Heartland Village-Lighthouse Hill
Staten Island,085,027704,SI24,Todt Hill-Emerson Hill-Heartland Village-Lighthouse Hill
Staten Island,085,027705,SI24,Todt Hill-Emerson Hill-Heartland Village-Lighthouse Hill
Staten Island,085,027706,SI24,Todt Hill-Emerson Hill-Heartland Village-Lighthouse Hill
Staten Island,085,027900,SI24,Todt Hill-Emerson Hill-Heartland Village-Lighthouse Hill
Staten Island,085,012805,SI25,Oakwood-Oakwood Beach
Staten Island,085,012806,SI25,Oakwood-Oakwood Beach
Staten Island,085,013201,SI25,Oakwood-Oakwood Beach
Staten Island,085,013204,SI25,Oakwood-Oakwood Beach
Staten Island,085,013800,SI25,Oakwood-Oakwood Beach
Staten Island,085,020700,SI28,Port Richmond
Staten Island,085,021300,SI28,Port Richmond
Staten Island,085,024700,SI28,Port Richmond
Staten Island,085,025100,SI28,Port Richmond
Staten Island,085,020801,SI32,Rossville-Woodrow
Staten Island,085,020803,SI32,Rossville-Woodrow
Staten Island,085,020804,SI32,Rossville-Woodrow
Staten Island,085,005900,SI35,New Brighton-Silver Lake
Staten Island,085,006700,SI35,New Brighton-Silver Lake
Staten Island,085,007500,SI35,New Brighton-Silver Lake
Staten Island,085,010500,SI35,New Brighton-Silver Lake
Staten Island,085,012100,SI35,New Brighton-Silver Lake
Staten Island,085,007000,SI36,Old Town-Dongan Hills-South Beach
Staten Island,085,009601,SI36,Old Town-Dongan Hills-South Beach
Staten Island,085,009602,SI36,Old Town-Dongan Hills-South Beach
Staten Island,085,011201,SI36,Old Town-Dongan Hills-South Beach
Staten Island,085,011401,SI36,Old Town-Dongan Hills-South Beach
Staten Island,085,000600,SI37,Stapleton-Rosebank
Staten Island,085,000800,SI37,Stapleton-Rosebank
Staten Island,085,001700,SI37,Stapleton-Rosebank
Staten Island,085,002001,SI37,Stapleton-Rosebank
Staten Island,085,002100,SI37,Stapleton-Rosebank
Staten Island,085,002700,SI37,Stapleton-Rosebank
Staten Island,085,002900,SI37,Stapleton-Rosebank
Staten Island,085,003600,SI37,Stapleton-Rosebank
Staten Island,085,011202,SI45,New Dorp-Midland Beach
Staten Island,085,011402,SI45,New Dorp-Midland Beach
Staten Island,085,012200,SI45,New Dorp-Midland Beach
Staten Island,085,012804,SI45,New Dorp-Midland Beach
Staten Island,085,013400,SI45,New Dorp-Midland Beach
Staten Island,085,017007,SI48,Arden Heights
Staten Island,085,017008,SI48,Arden Heights
Staten Island,085,017009,SI48,Arden Heights
Staten Island,085,017010,SI48,Arden Heights
Staten Island,085,013203,SI54,Great Kills
Staten Island,085,014604,SI54,Great Kills
Staten Island,085,014605,SI54,Great Kills
Staten Island,085,014606,SI54,Great Kills
Staten Island,085,014607,SI54,Great Kills
Staten Island,085,014608,SI54,Great Kills
Staten Island,085,015601,SI54,Great Kills
Staten Island,085,015603,SI54,Great Kills
Staten Island,085,015400,SI99,park-cemetery-etc-Staten Island
Staten Island,085,990100,SI99,park-cemetery-etc-Staten Island
